Class,Incident#,Crime,Date/Time,Location Name,Address,Agency
Burglary - Commercial,24064480,Theft From Bldg,04/03/2024 03:30 PM,Residence/home,"37xx Prominence Pkwy, Denton, Tx 76208",Denton Police Department (Tx)
Burglary - Commercial,24064479,Theft From Bldg,04/03/2024 05:12 AM,Residence/home,"7xx Hickory St, Denton, Tx 76201",Denton Police Department (Tx)
Burglary - Commercial,24063478,Theft From Bldg,04/02/2024 06:55 PM,Residence/home,"1xx Precision Dr, Denton, Tx 76207",Denton Police Department (Tx)
Burglary - Commercial,24060608,Theft From Bldg,03/30/2024 01:00 AM,Specialty Store,"20xx Fort Worth Dr, Denton, Tx 76205",Denton Police Department (Tx)
Burglary - Commercial,24062984,Theft From Bldg,03/29/2024 02:00 PM,Residence/home,"13xx Scripture St, Denton, Tx 76201",Denton Police Department (Tx)
Burglary - Commercial,24059770,Theft From Bldg,03/23/2024 02:05 PM,Residence/home,"34xx Nottingham Dr, Denton, Tx 76209",Denton Police Department (Tx)
Burglary - Commercial,24048728,Theft From Bldg,03/11/2024 11:00 PM,Residence/home,"30xx Locust St, Denton, Tx 76207",Denton Police Department (Tx)
Burglary - Commercial,24041704,Theft From Bldg,02/29/2024 02:00 PM,Service/gas Station,"3xx Eagle Dr, Denton, Tx 76201",Denton Police Department (Tx)
Burglary - Commercial,24039041,Theft From Bldg,02/26/2024 07:00 AM,Residence/home,"5xx Texas St, Denton, Tx 76209",Denton Police Department (Tx)
Burglary - Residential,24072792,Burglary/b&e,04/16/2024 05:30 AM,Residence/home,"9xx Duncan St, Denton, Tx 76205",Denton Police Department (Tx)
Burglary - Residential,24072329,Burglary/b&e,04/16/2024 03:15 AM,Residence/home,"12xx Oak Vly, Denton, Tx 76209",Denton Police Department (Tx)
Burglary - Residential,24072071,Burglary/b&e,04/15/2024 11:30 AM,Residence/home,"21xx Spencer Rd, Denton, Tx 76205",Denton Police Department (Tx)
Burglary - Residential,24071633,Burglary/b&e,04/15/2024 02:10 AM,Drug Store/doctors Office/hospital,"16xx Scripture St, Denton, Tx 76201",Denton Police Department (Tx)
Burglary - Residential,24070034,Burglary/b&e,04/10/2024 05:00 PM,Residence/home,"15xx Ave, Denton, Tx 76205",Denton Police Department (Tx)
Burglary - Residential,24066169,Burglary/b&e,04/07/2024 02:45 AM,Residence/home,"18xx Williamsburg Row, Denton, Tx 76209",Denton Police Department (Tx)
Burglary - Residential,24066325,Burglary/b&e,04/07/2024 12:00 AM,Residence/home,"18xx Sena St, Denton, Tx 76201",Denton Police Department (Tx)
Burglary - Residential,24066843,Burglary/b&e,04/05/2024 06:00 PM,Residence/home,"6xx Pace Dr, Denton, Tx 76209",Denton Police Department (Tx)
Burglary - Residential,24062361,Burglary/b&e,04/01/2024 09:38 AM,Residence/home,"1xx Precision Dr, Denton, Tx 76207",Denton Police Department (Tx)
Burglary - Residential,24061021,Burglary/b&e,03/30/2024 07:34 PM,Residence/home,"66xx Grissom Rd, Denton, Tx 76208",Denton Police Department (Tx)
Burglary - Residential,24061570,Burglary/b&e,03/30/2024 12:30 AM,Residence/home,"33xx Meadowlark Ln, Denton, Tx 76209",Denton Police Department (Tx)
Burglary - Residential,24060546,Burglary/b&e,03/29/2024 10:46 AM,Residence/home,"28xx Joshua St, Denton, Tx 76209",Denton Police Department (Tx)
Burglary - Residential,24054314,Burglary/b&e,03/20/2024 11:07 PM,Residence/home,"17xx Sam Bass Blvd, Denton, Tx 76205",Denton Police Department (Tx)
Burglary - Residential,24052483,Burglary/b&e,03/18/2024 08:30 AM,Specialty Store,"25xx Prairie St, Denton, Tx 76201",Denton Police Department (Tx)
Burglary - Residential,24054089,Burglary/b&e,03/17/2024 12:00 AM,Residence/home,"8xx Sycamore St, Denton, Tx 76201",Denton Police Department (Tx)
Burglary - Residential,24073016,Burglary/b&e,03/13/2024 06:00 AM,Residence/home,"21xx Spencer Rd, Denton, Tx 76205",Denton Police Department (Tx)
Burglary - Residential,24048704,Burglary/b&e,03/12/2024 06:32 PM,Residence/home,"14xx Fox Hollow St, Denton, Tx 76205",Denton Police Department (Tx)
Burglary - Residential,24047490,Burglary/b&e,03/11/2024 02:55 AM,Field/woods,"2xx Mayhill Rd, Denton, Tx 76209",Denton Police Department (Tx)
Burglary - Residential,24047282,Burglary/b&e,03/10/2024 12:58 PM,Specialty Store,"5209xx 35, Denton, Tx 76207",Denton Police Department (Tx)
Burglary - Residential,24045091,Burglary/b&e,03/07/2024 04:04 AM,Conv Store,"5xx Locust St, Denton, Tx 76201",Denton Police Department (Tx)
Burglary - Residential,24044444,Burglary/b&e,03/02/2024 07:29 PM,Service/gas Station,"8xx University Dr, Denton, Tx 76201",Denton Police Department (Tx)
Burglary - Residential,24044531,Burglary/b&e,03/02/2024 12:00 PM,Residence/home,"12xx Poinsettia Blvd, Denton, Tx 76208",Denton Police Department (Tx)
Burglary - Residential,24040452,Burglary/b&e,02/29/2024 07:54 PM,Highway/road/alley/street/sidewalk,"8xx Frame St, Denton, Tx 76209",Denton Police Department (Tx)
Burglary - Residential,24040426,Burglary/b&e,02/29/2024 04:13 AM,Residence/home,"18xx Oak St, Denton, Tx 76201",Denton Police Department (Tx)
Burglary - Residential,24037013,Burglary/b&e,02/25/2024 04:55 AM,Residence/home,"35xx Mckinney St, Denton, Tx 76209",Denton Police Department (Tx)
Burglary - Residential,24045364,Burglary/b&e,02/23/2024 12:00 AM,Residence/home,"22xx Bell Ave, Denton, Tx 76209",Denton Police Department (Tx)
Burglary from Motor Vehicle,24073052,Theft From Veh,04/17/2024 03:00 AM,Residence/home,"33xx Swisher Rd, Denton, Tx 78206",Denton Police Department (Tx)
Burglary from Motor Vehicle,24072603,Theft From Veh,04/16/2024 03:00 AM,Parking/drop Lot/garage,"28xx Colorado Blvd, Denton, Tx 76210",Denton Police Department (Tx)
Burglary from Motor Vehicle,24072644,Theft From Veh,04/15/2024 11:30 PM,Residence/home,"14xx Bernard St, Denton, Tx 76201",Denton Police Department (Tx)
Burglary from Motor Vehicle,24072634,Theft From Veh,04/15/2024 10:30 PM,Residence/home,"14xx Bernard St, Denton, Tx 76201",Denton Police Department (Tx)
Burglary from Motor Vehicle,24072536,Theft From Veh,04/15/2024 08:30 PM,Residence/home,"14xx Bernard St, Denton, Tx 76201",Denton Police Department (Tx)
Burglary from Motor Vehicle,24072675,Theft From Veh,04/15/2024 05:00 PM,Residence/home,"16xx Mckinney St, Denton, Tx 76209",Denton Police Department (Tx)
Burglary from Motor Vehicle,24071779,Theft From Veh,04/14/2024 12:00 AM,Highway/road/alley/street/sidewalk,"21xx Fairfax Rd, Denton, Tx 76205",Denton Police Department (Tx)
Burglary from Motor Vehicle,24070914,Theft From Veh,04/11/2024 08:50 PM,Parking/drop Lot/garage,"22xx Oak St, Denton, Tx 76201",Denton Police Department (Tx)
Burglary from Motor Vehicle,24069978,Theft From Veh,04/10/2024 10:00 PM,Residence/home,"1xx Ave, Denton, Tx 76201",Denton Police Department (Tx)
Burglary from Motor Vehicle,24068956,Theft From Veh,04/10/2024 12:00 AM,Parking/drop Lot/garage,"3xx Fry St, Denton, Tx 76201",Denton Police Department (Tx)
Burglary from Motor Vehicle,24067949,Theft From Veh,04/09/2024 05:21 PM,Parking/drop Lot/garage,"17xx Sam Bass Blvd, Denton, Tx 76205",Denton Police Department (Tx)
Burglary from Motor Vehicle,24067965,Theft From Veh,04/09/2024 04:30 PM,Drug Store/doctors Office/hospital,"19xx Brinker Rd, Denton, Tx 76208",Denton Police Department (Tx)
Burglary from Motor Vehicle,24067980,Theft From Veh,04/09/2024 01:30 PM,Parking/drop Lot/garage,"25xx Lillian B Miller Pkwy, Denton, Tx 76210",Denton Police Department (Tx)
Burglary from Motor Vehicle,24067886,Theft From Veh,04/09/2024 08:30 AM,Parking/drop Lot/garage,"9xx Masch Branch Rd, Denton, Tx 76207",Denton Police Department (Tx)
Burglary from Motor Vehicle,24067924,Theft From Veh,04/09/2024 12:00 AM,Parking/drop Lot/garage,"24xx Lillian B Miller Pkwy, Denton, Tx 76210",Denton Police Department (Tx)
Burglary from Motor Vehicle,24067364,Theft From Veh,04/08/2024 11:46 PM,Parking/drop Lot/garage,"15xx Meadow St, Denton, Tx 76205",Denton Police Department (Tx)
Burglary from Motor Vehicle,24068045,Theft From Veh,04/08/2024 11:00 PM,Parking/drop Lot/garage,"2xx Bonnie Brae St, Denton, Tx 76201",Denton Police Department (Tx)
Burglary from Motor Vehicle,24067487,Theft From Veh,04/08/2024 11:00 PM,Parking/drop Lot/garage,"2xx Bonnie Brae St, Denton, Tx 76201",Denton Police Department (Tx)
Burglary from Motor Vehicle,24067246,Theft From Veh,04/08/2024 12:00 PM,Parking/drop Lot/garage,"25xx Stockbridge Rd, Denton, Tx 76208",Denton Police Department (Tx)
Burglary from Motor Vehicle,24066890,Theft From Veh,04/08/2024 12:00 AM,Residence/home,"27xx Colorado Blvd, Denton, Tx 76210",Denton Police Department (Tx)
Burglary from Motor Vehicle,24066252,Theft From Veh,04/07/2024 02:00 AM,Parking/drop Lot/garage,"14xx University Dr, Denton, Tx 76209",Denton Police Department (Tx)
Burglary from Motor Vehicle,24065858,Theft From Veh,04/06/2024 04:45 PM,Parking/drop Lot/garage,"18xx Cornell Ln, Denton, Tx 76201",Denton Police Department (Tx)
Burglary from Motor Vehicle,24066818,Theft From Veh,04/06/2024 02:30 PM,Parking/drop Lot/garage,"4465xx 35, Denton, Tx 76207",Denton Police Department (Tx)
Burglary from Motor Vehicle,24069309,Theft From Veh,04/06/2024 12:15 PM,Residence/home,"5xx Londonderry Ln, Denton, Tx 76205",Denton Police Department (Tx)
Burglary from Motor Vehicle,24066510,Theft From Veh,04/05/2024 01:00 PM,Parking/drop Lot/garage,"2xx Bonnie Brae St, Denton, Tx 76201",Denton Police Department (Tx)
Burglary from Motor Vehicle,24064836,Theft From Veh,04/05/2024 04:37 AM,Residence/home,"40xx Hampton Rd, Denton, Tx 76207",Denton Police Department (Tx)
Burglary from Motor Vehicle,24064907,Theft From Veh,04/04/2024 11:00 PM,Parking/drop Lot/garage,"50xx Par Dr, Denton, Tx 76208",Denton Police Department (Tx)
Burglary from Motor Vehicle,24063990,Theft From Veh,04/04/2024 01:00 AM,Parking/drop Lot/garage,"52xx Par Dr, Denton, Tx 76208",Denton Police Department (Tx)
Burglary from Motor Vehicle,24062743,Theft From Veh,04/01/2024 11:00 PM,Parking/drop Lot/garage,"16xx Mckinney St, Denton, Tx 76209",Denton Police Department (Tx)
Burglary from Motor Vehicle,24062784,Theft From Veh,04/01/2024 11:00 PM,Parking/drop Lot/garage,"8xx Bell Ave, Denton, Tx 76209",Denton Police Department (Tx)
Burglary from Motor Vehicle,24062448,Theft From Veh,04/01/2024 09:50 PM,Parking/drop Lot/garage,"700xx 35, Denton, Tx 76205",Denton Police Department (Tx)
Burglary from Motor Vehicle,24062649,Theft From Veh,04/01/2024 08:30 PM,Parking/drop Lot/garage,"8xx Bell Ave, Denton, Tx 76209",Denton Police Department (Tx)
Burglary from Motor Vehicle,24062605,Theft From Veh,04/01/2024 07:00 PM,Parking/drop Lot/garage,"16xx Mckinney St, Denton, Tx 76209",Denton Police Department (Tx)
Burglary from Motor Vehicle,24062607,Theft From Veh,04/01/2024 03:00 PM,Parking/drop Lot/garage,"4xx Loop, Denton, Tx 76209",Denton Police Department (Tx)
Burglary from Motor Vehicle,24061854,Theft From Veh,03/31/2024 05:00 PM,Residence/home,"19xx Hickory St, Denton, Tx 76201",Denton Police Department (Tx)
Burglary from Motor Vehicle,24061777,Theft From Veh,03/31/2024 11:30 AM,Parking/drop Lot/garage,"11xx Bernard St, Denton, Tx 76201",Denton Police Department (Tx)
Burglary from Motor Vehicle,24061412,Theft From Veh,03/31/2024 02:15 AM,Residence/home,"27xx Westglen Dr, Denton, Tx 76207",Denton Police Department (Tx)
Burglary from Motor Vehicle,24061534,Theft From Veh,03/31/2024 01:00 AM,Parking/drop Lot/garage,"4xx Audra Ln, Denton, Tx 76209",Denton Police Department (Tx)
Burglary from Motor Vehicle,24061387,Theft From Veh,03/30/2024 09:05 PM,Parking/drop Lot/garage,"6xx Audra Ln, Denton, Tx 76209",Denton Police Department (Tx)
Burglary from Motor Vehicle,24062688,Theft From Veh,03/30/2024 12:00 PM,Residence/home,"3xx Jagoe St, Denton, Tx 76201",Denton Police Department (Tx)
Burglary from Motor Vehicle,24060868,Theft From Veh,03/29/2024 11:50 PM,Parking/drop Lot/garage,"13xx Oak St, Denton, Tx 76201",Denton Police Department (Tx)
Burglary from Motor Vehicle,24060892,Theft From Veh,03/29/2024 10:30 PM,Parking/drop Lot/garage,"9xx Bernard St, Denton, Tx 76201",Denton Police Department (Tx)
Burglary from Motor Vehicle,24061538,Theft From Veh,03/29/2024 10:30 PM,Parking/drop Lot/garage,"9xx Mulberry St, Denton, Tx 76201",Denton Police Department (Tx)
Burglary from Motor Vehicle,24060641,Theft From Veh,03/29/2024 10:00 PM,Parking/drop Lot/garage,"3xx Fry St, Denton, Tx 76201",Denton Police Department (Tx)
Burglary from Motor Vehicle,24060541,Theft From Veh,03/29/2024 09:30 PM,Parking/drop Lot/garage,"Mckinney St, Denton, Tx 76201",Denton Police Department (Tx)
Burglary from Motor Vehicle,24060513,Theft From Veh,03/29/2024 08:00 PM,Parking/drop Lot/garage,"2xx Bell Ave, Denton, Tx 76201",Denton Police Department (Tx)
Burglary from Motor Vehicle,24063003,Theft From Veh,03/29/2024 12:00 AM,Parking/drop Lot/garage,"6xx Hickory St, Denton, Tx 76205",Denton Police Department (Tx)
Burglary from Motor Vehicle,24060735,Theft From Veh,03/29/2024 12:00 AM,Parking/drop Lot/garage,"22xx Oak St, Denton, Tx 76201",Denton Police Department (Tx)
Burglary from Motor Vehicle,24059518,Theft From Veh,03/27/2024 09:00 PM,Residence/home,"35xx Mckinney St, Denton, Tx 76209",Denton Police Department (Tx)
Burglary from Motor Vehicle,24061580,Theft From Veh,03/27/2024 04:00 PM,Parking/drop Lot/garage,"12xx Oak St, Denton, Tx 76201",Denton Police Department (Tx)
Burglary from Motor Vehicle,24058670,Theft From Veh,03/27/2024 11:10 AM,Parking/drop Lot/garage,"1xx Mckinney St, Denton, Tx 76201",Denton Police Department (Tx)
Burglary from Motor Vehicle,24058002,Theft From Veh,03/25/2024 06:00 PM,Parking/drop Lot/garage,"17xx Sam Bass Blvd, Denton, Tx 76205",Denton Police Department (Tx)
Burglary from Motor Vehicle,24057158,Theft From Veh,03/25/2024 10:20 AM,Parking/drop Lot/garage,"1xx Heritage Ln, Denton, Tx 76209",Denton Police Department (Tx)
Burglary from Motor Vehicle,24057183,Theft From Veh,03/25/2024 07:30 AM,Parking/drop Lot/garage,"15xx Meadow St, Denton, Tx 76205",Denton Police Department (Tx)
Burglary from Motor Vehicle,24058953,Theft From Veh,03/25/2024 06:00 AM,Parking/drop Lot/garage,"34xx Joyce Ln, Denton, Tx 76207",Denton Police Department (Tx)
Burglary from Motor Vehicle,24057223,Theft From Veh,03/25/2024 04:00 AM,Parking/drop Lot/garage,"11xx Bell Ave, Denton, Tx 76209",Denton Police Department (Tx)
Burglary from Motor Vehicle,24057057,Theft From Veh,03/25/2024 02:45 AM,Parking/drop Lot/garage,"5xx Windsor Dr, Denton, Tx 76209",Denton Police Department (Tx)
Burglary from Motor Vehicle,24057110,Theft From Veh,03/24/2024 11:00 PM,Parking/drop Lot/garage,"2xx Coronado Dr, Denton, Tx 76209",Denton Police Department (Tx)
Burglary from Motor Vehicle,24056984,Theft From Veh,03/24/2024 10:30 PM,Parking/drop Lot/garage,"5xx Windsor Dr, Denton, Tx 76209",Denton Police Department (Tx)
Burglary from Motor Vehicle,24057073,Theft From Veh,03/24/2024 09:00 PM,Parking/drop Lot/garage,"1xx Prairie St, Denton, Tx 76201",Denton Police Department (Tx)
Burglary from Motor Vehicle,24057324,Theft From Veh,03/24/2024 07:00 PM,Parking/drop Lot/garage,"1xx Coronado Dr, Denton, Tx 76209",Denton Police Department (Tx)
Burglary from Motor Vehicle,24057152,Theft From Veh,03/24/2024 12:00 PM,Highway/road/alley/street/sidewalk,"9xx Collins St, Denton, Tx 76201",Denton Police Department (Tx)
Burglary from Motor Vehicle,24057135,Theft From Veh,03/24/2024 12:00 AM,Parking/drop Lot/garage,"20xx Elm St, Denton, Tx 76201",Denton Police Department (Tx)
Burglary from Motor Vehicle,24056485,Theft From Veh,03/23/2024 06:30 PM,Parking/drop Lot/garage,"18xx Teasley Ln, Denton, Tx 76205",Denton Police Department (Tx)
Burglary from Motor Vehicle,24056301,Theft From Veh,03/23/2024 05:30 PM,Parking/drop Lot/garage,"4xx Carroll Blvd, Denton, Tx 76201",Denton Police Department (Tx)
Burglary from Motor Vehicle,24056170,Theft From Veh,03/23/2024 12:00 PM,Highway/road/alley/street/sidewalk,"6xx Linwood Dr, Denton, Tx 76209",Denton Police Department (Tx)
Burglary from Motor Vehicle,24056013,Theft From Veh,03/23/2024 05:50 AM,Parking/drop Lot/garage,"5xx Driftwood Trl, Denton, Tx 76209",Denton Police Department (Tx)
Burglary from Motor Vehicle,24056057,Theft From Veh,03/23/2024 04:40 AM,Residence/home,"27xx Cordova Cir, Denton, Tx 76209",Denton Police Department (Tx)
Burglary from Motor Vehicle,24055942,Theft From Veh,03/23/2024 02:30 AM,Parking/drop Lot/garage,"24xx Mckinney St, Denton, Tx 76209",Denton Police Department (Tx)
Burglary from Motor Vehicle,24056052,Theft From Veh,03/23/2024 12:00 AM,Parking/drop Lot/garage,"500xx 35, Denton, Tx 76205",Denton Police Department (Tx)
Burglary from Motor Vehicle,24056125,Theft From Veh,03/22/2024 07:00 PM,Highway/road/alley/street/sidewalk,"7xx Driftwood Trl, Denton, Tx 76209",Denton Police Department (Tx)
Burglary from Motor Vehicle,24055953,Theft From Veh,03/21/2024 06:00 PM,Parking/drop Lot/garage,"24xx Mckinney St, Denton, Tx 76209",Denton Police Department (Tx)
Burglary from Motor Vehicle,24056643,Theft From Veh,03/21/2024 05:00 AM,Parking/drop Lot/garage,"17xx Ruddell St, Denton, Tx 76209",Denton Police Department (Tx)
Burglary from Motor Vehicle,24055009,Theft From Veh,03/21/2024 03:05 AM,Residence/home,"19xx Ruddell St, Denton, Tx 76209",Denton Police Department (Tx)
Burglary from Motor Vehicle,24054083,Theft From Veh,03/20/2024 01:20 AM,Parking/drop Lot/garage,"7xx Elm St, Denton, Tx 76201",Denton Police Department (Tx)
Burglary from Motor Vehicle,24053770,Theft From Veh,03/19/2024 09:00 PM,Parking/drop Lot/garage,"12xx Cleveland St, Denton, Tx 76201",Denton Police Department (Tx)
Burglary from Motor Vehicle,24053705,Theft From Veh,03/19/2024 05:45 PM,Parking/drop Lot/garage,"7xx Elm St, Denton, Tx 76201",Denton Police Department (Tx)
Burglary from Motor Vehicle,24053944,Theft From Veh,03/19/2024 12:00 AM,Parking/drop Lot/garage,"11xx Ave, Denton, Tx 76201",Denton Police Department (Tx)
Burglary from Motor Vehicle,24053116,Theft From Veh,03/18/2024 05:30 PM,Parking/drop Lot/garage,"1xx Maple St, Denton, Tx 76201",Denton Police Department (Tx)
Burglary from Motor Vehicle,24052407,Theft From Veh,03/17/2024 10:00 PM,Parking/drop Lot/garage,"6xx Hickory St, Denton, Tx 76205",Denton Police Department (Tx)
Burglary from Motor Vehicle,24052731,Theft From Veh,03/16/2024 07:00 PM,Parking/drop Lot/garage,"13xx Dallas Dr, Denton, Tx 76205",Denton Police Department (Tx)
Burglary from Motor Vehicle,24053411,Theft From Veh,03/16/2024 12:00 PM,Parking/drop Lot/garage,"13xx Dallas Dr, Denton, Tx 76205",Denton Police Department (Tx)
Burglary from Motor Vehicle,24051190,Theft From Veh,03/15/2024 09:44 PM,Parking/drop Lot/garage,"19xx Colorado Blvd, Denton, Tx 76205",Denton Police Department (Tx)
Burglary from Motor Vehicle,24052745,Theft From Veh,03/15/2024 08:00 PM,Parking/drop Lot/garage,"13xx Dallas Dr, Denton, Tx 76205",Denton Police Department (Tx)
Burglary from Motor Vehicle,24049874,Theft From Veh,03/14/2024 11:39 AM,Parking/drop Lot/garage,"27xx University Dr, Denton, Tx 76201",Denton Police Department (Tx)
Burglary from Motor Vehicle,24050608,Theft From Veh,03/13/2024 02:30 AM,Highway/road/alley/street/sidewalk,"37xx Prominence Pkwy, Denton, Tx 76208",Denton Police Department (Tx)
Burglary from Motor Vehicle,24049241,Theft From Veh,03/13/2024 01:00 AM,Parking/drop Lot/garage,"37xx Prominence Pkwy, Denton, Tx 76208",Denton Police Department (Tx)
Burglary from Motor Vehicle,24049810,Theft From Veh,03/12/2024 06:00 PM,Residence/home,"18xx Westminster St, Denton, Tx 76205",Denton Police Department (Tx)
Burglary from Motor Vehicle,24048805,Theft From Veh,03/11/2024 07:00 PM,Parking/drop Lot/garage,"14xx Teasley Ln, Denton, Tx 76205",Denton Police Department (Tx)
Burglary from Motor Vehicle,24047537,Theft From Veh,03/10/2024 10:30 PM,Parking/drop Lot/garage,"34xx Joyce Ln, Denton, Tx 76207",Denton Police Department (Tx)
Burglary from Motor Vehicle,24045814,Theft From Veh,03/08/2024 07:58 AM,Parking/drop Lot/garage,"15xx Meadow St, Denton, Tx 76205",Denton Police Department (Tx)
Burglary from Motor Vehicle,24045848,Theft From Veh,03/08/2024 02:30 AM,Parking/drop Lot/garage,"15xx Meadow St, Denton, Tx 76205",Denton Police Department (Tx)
Burglary from Motor Vehicle,24045786,Theft From Veh,03/08/2024 12:30 AM,Residence/home,"9xx Locust St, Denton, Tx 76201",Denton Police Department (Tx)
Burglary from Motor Vehicle,24045830,Theft From Veh,03/08/2024 12:00 AM,Parking/drop Lot/garage,"15xx Northstar Rd, Denton, Tx 76208",Denton Police Department (Tx)
Burglary from Motor Vehicle,24054898,Theft From Veh,03/07/2024 10:15 PM,Residence/home,"15xx Meadow St, Denton, Tx 76205",Denton Police Department (Tx)
Burglary from Motor Vehicle,24045906,Theft From Veh,03/07/2024 09:00 PM,Residence/home,"24xx College Park Dr, Denton, Tx 76209",Denton Police Department (Tx)
Burglary from Motor Vehicle,24045802,Theft From Veh,03/07/2024 03:30 PM,Residence/home,"32xx Locust St, Denton, Tx 76201",Denton Police Department (Tx)
Burglary from Motor Vehicle,24045960,Theft From Veh,03/07/2024 03:00 PM,Residence/home,"22xx Fowler Dr, Denton, Tx 76209",Denton Police Department (Tx)
Burglary from Motor Vehicle,24045939,Theft From Veh,03/07/2024 07:00 AM,Parking/drop Lot/garage,"15xx Meadow St, Denton, Tx 76205",Denton Police Department (Tx)
Burglary from Motor Vehicle,24045298,Theft From Veh,03/07/2024 02:00 AM,Hotel/motel/etc.,"3180xx 35, Denton, Tx 76210",Denton Police Department (Tx)
Burglary from Motor Vehicle,24045028,Theft From Veh,03/06/2024 10:00 PM,Parking/drop Lot/garage,"5xx Inman St, Denton, Tx 76205",Denton Police Department (Tx)
Burglary from Motor Vehicle,24044620,Theft From Veh,03/06/2024 12:14 PM,Parking/drop Lot/garage,"27xx University Dr, Denton, Tx 76201",Denton Police Department (Tx)
Burglary from Motor Vehicle,24044833,Theft From Veh,03/06/2024 12:00 PM,Parking/drop Lot/garage,"17xx Teasley Ln, Denton, Tx 76205",Denton Police Department (Tx)
Burglary from Motor Vehicle,24045259,Theft From Veh,03/06/2024 11:00 AM,Highway/road/alley/street/sidewalk,"Stella St, Denton, Tx 76201",Denton Police Department (Tx)
Burglary from Motor Vehicle,24046481,Theft From Veh,03/05/2024 11:00 AM,Highway/road/alley/street/sidewalk,"28xx Paisley St, Denton, Tx 76209",Denton Police Department (Tx)
Burglary from Motor Vehicle,24043719,Theft From Veh,03/04/2024 11:00 PM,Highway/road/alley/street/sidewalk,"2xx Samuel St, Denton, Tx 76207",Denton Police Department (Tx)
Burglary from Motor Vehicle,24042450,Theft From Veh,03/02/2024 10:00 PM,Parking/drop Lot/garage,"15xx Meadow St, Denton, Tx 76205",Denton Police Department (Tx)
Burglary from Motor Vehicle,24043285,Theft From Veh,03/02/2024 09:15 PM,Parking/drop Lot/garage,"9xx Londonderry Ln, Denton, Tx 76205",Denton Police Department (Tx)
Burglary from Motor Vehicle,24042352,Theft From Veh,03/02/2024 08:30 PM,Residence/home,"20xx Woodbrook St, Denton, Tx 76205",Denton Police Department (Tx)
Burglary from Motor Vehicle,24054915,Theft From Veh,03/02/2024 02:00 PM,Residence/home,"19xx Camden Ct, Denton, Tx 76205",Denton Police Department (Tx)
Burglary from Motor Vehicle,24054141,Theft From Veh,03/01/2024 03:39 AM,Rental Storage Facility,"5xx Fort Worth Dr, Denton, Tx 76201",Denton Police Department (Tx)
Burglary from Motor Vehicle,24054666,Theft From Veh,02/29/2024 12:00 AM,Residence/home,"10xx Dallas Dr, Denton, Tx 76205",Denton Police Department (Tx)
Burglary from Motor Vehicle,24038455,Theft From Veh,02/26/2024 09:30 PM,Parking/drop Lot/garage,"Hudsonwood Dr, Denton, Tx 76205",Denton Police Department (Tx)
Burglary from Motor Vehicle,24039032,Theft From Veh,02/26/2024 12:20 PM,Residence/home,"5xx Inman St, Denton, Tx 76205",Denton Police Department (Tx)
Burglary from Motor Vehicle,24038041,Theft From Veh,02/26/2024 01:30 AM,Parking/drop Lot/garage,"2500xx 35, Denton, Tx 76201",Denton Police Department (Tx)
Burglary from Motor Vehicle,24037651,Theft From Veh,02/25/2024 10:00 PM,Parking/drop Lot/garage,"2500xx 35, Denton, Tx 76201",Denton Police Department (Tx)
Burglary from Motor Vehicle,24044009,Theft From Veh,02/25/2024 05:00 PM,Residence/home,"29xx Brook Hollow Dr, Denton, Tx",Denton Police Department (Tx)
Burglary from Motor Vehicle,24036519,Theft From Veh,02/23/2024 11:40 PM,Parking/drop Lot/garage,"2xx Mckinney St, Denton, Tx 76201",Denton Police Department (Tx)
Burglary from Motor Vehicle,24036586,Theft From Veh,02/23/2024 09:00 PM,Highway/road/alley/street/sidewalk,"7xx Mulberry St, Denton, Tx 76201",Denton Police Department (Tx)
Burglary from Motor Vehicle,24035678,Theft From Veh,02/22/2024 08:00 PM,Parking/drop Lot/garage,"32xx Medpark Dr, Denton, Tx 76205",Denton Police Department (Tx)
Burglary from Motor Vehicle,24035356,Theft From Veh,02/21/2024 10:05 PM,Residence/home,"32xx Heritage Trl, Denton, Tx 76201",Denton Police Department (Tx)
Burglary from Motor Vehicle,24055481,Theft From Veh,02/21/2024 10:00 PM,Parking/drop Lot/garage,"16xx Oak St, Denton, Tx 76201",Denton Police Department (Tx)
Robbery - Individual,24068723,Robbery,04/10/2024 10:20 PM,Residence/home,"7xx Fort Worth Dr, Denton, Tx 76201",Denton Police Department (Tx)
Robbery - Individual,24065785,Robbery,04/06/2024 02:05 PM,Parking/drop Lot/garage,"27xx Mckinney St, Denton, Tx 76209",Denton Police Department (Tx)
Robbery - Individual,24055932,Robbery,03/23/2024 09:00 AM,Air/bus/train Terminal,"6xx Hickory St, Denton, Tx 76205",Denton Police Department (Tx)
Robbery - Individual,24051612,Robbery,03/16/2024 11:00 PM,Highway/road/alley/street/sidewalk,"23xx Leslie St, Denton, Tx 76205",Denton Police Department (Tx)
Robbery - Individual,24050153,Robbery,03/14/2024 07:40 PM,Residence/home,"3xx Coronado Dr, Denton, Tx 76209",Denton Police Department (Tx)
Robbery - Individual,24040267,Robbery,02/29/2024 02:00 PM,Conv Store,"30xx University Dr, Denton, Tx 76209",Denton Police Department (Tx)
Robbery - Individual,24038826,Robbery,02/27/2024 02:38 PM,Highway/road/alley/street/sidewalk,"Frame St, Denton, Tx 76209",Denton Police Department (Tx)
Shoplifting,24070627,Shoplifting,04/13/2024 12:18 PM,Department/discount Store,"15xx Loop, Denton, Tx 76205",Denton Police Department (Tx)
Shoplifting,24070593,Shoplifting,04/13/2024 10:30 AM,Department/discount Store,"27xx University Dr, Denton, Tx 76201",Denton Police Department (Tx)
Shoplifting,24070161,Shoplifting,04/12/2024 08:50 PM,Department/discount Store,"15xx Loop, Denton, Tx 76205",Denton Police Department (Tx)
Shoplifting,24069905,Shoplifting,04/12/2024 02:30 PM,Liquor Store,"3xx Hickory St, Denton, Tx 76201",Denton Police Department (Tx)
Shoplifting,24069892,Shoplifting,04/12/2024 02:27 PM,Department/discount Store,"27xx University Dr, Denton, Tx 76201",Denton Police Department (Tx)
Shoplifting,24069934,Shoplifting,04/11/2024 04:00 PM,Specialty Store,"26xx University Dr, Denton, Tx 76201",Denton Police Department (Tx)
Shoplifting,24069916,Shoplifting,04/10/2024 08:43 AM,Department/discount Store,"2800xx 35, Denton, Tx 76210",Denton Police Department (Tx)
Shoplifting,24069303,Shoplifting,04/09/2024 07:57 PM,Drug Store/doctors Office/hospital,"1xx University Dr, Denton, Tx 76201",Denton Police Department (Tx)
Shoplifting,24067958,Shoplifting,04/09/2024 05:30 PM,Grocery/supermarket,"27xx University Dr, Denton, Tx 76201",Denton Police Department (Tx)
Shoplifting,24069293,Shoplifting,04/08/2024 08:24 PM,Drug Store/doctors Office/hospital,"1xx University Dr, Denton, Tx 76201",Denton Police Department (Tx)
Shoplifting,24067218,Shoplifting,04/08/2024 06:35 PM,Grocery/supermarket,"18xx Loop, Denton, Tx 76205",Denton Police Department (Tx)
Shoplifting,24067173,Shoplifting,04/08/2024 04:55 PM,Grocery/supermarket,"27xx University Dr, Denton, Tx 76201",Denton Police Department (Tx)
Shoplifting,24067121,Shoplifting,04/08/2024 03:29 PM,Department/discount Store,"27xx University Dr, Denton, Tx 76201",Denton Police Department (Tx)
Shoplifting,24068134,Shoplifting,04/05/2024 03:28 PM,Specialty Store,"22xx Loop, Denton, Tx 76205",Denton Police Department (Tx)
Shoplifting,24065079,Shoplifting,04/05/2024 12:37 PM,Department/discount Store,"27xx University Dr, Denton, Tx 76201",Denton Police Department (Tx)
Shoplifting,24065029,Shoplifting,04/05/2024 11:13 AM,Department/discount Store,"27xx University Dr, Denton, Tx 76201",Denton Police Department (Tx)
Shoplifting,24066984,Shoplifting,04/03/2024 08:53 PM,Specialty Store,"29xx University Dr, Denton, Tx 76201",Denton Police Department (Tx)
Shoplifting,24063697,Shoplifting,04/03/2024 04:17 PM,Department/discount Store,"15xx Loop, Denton, Tx 76205",Denton Police Department (Tx)
Shoplifting,24062882,Shoplifting,04/02/2024 02:49 PM,Department/discount Store,"27xx University Dr, Denton, Tx 76201",Denton Police Department (Tx)
Shoplifting,24062729,Shoplifting,04/02/2024 10:30 AM,Specialty Store,"2800xx 35, Denton, Tx 76210",Denton Police Department (Tx)
Shoplifting,24062338,Shoplifting,04/01/2024 06:45 PM,Grocery/supermarket,"27xx University Dr, Denton, Tx 76201",Denton Police Department (Tx)
Shoplifting,24062281,Shoplifting,04/01/2024 05:05 PM,Department/discount Store,"27xx University Dr, Denton, Tx 76201",Denton Police Department (Tx)
Shoplifting,24061474,Shoplifting,03/31/2024 12:30 PM,Department/discount Store,"15xx Loop, Denton, Tx 76205",Denton Police Department (Tx)
Shoplifting,24061404,Shoplifting,03/31/2024 10:00 AM,Grocery/supermarket,"15xx Loop, Denton, Tx 76205",Denton Police Department (Tx)
Shoplifting,24061537,Shoplifting,03/31/2024 12:00 AM,Grocery/supermarket,"15xx Loop, Denton, Tx 76205",Denton Police Department (Tx)
Shoplifting,24062362,Shoplifting,03/29/2024 08:20 PM,Department/discount Store,"29xx University Dr, Denton, Tx 76201",Denton Police Department (Tx)
Shoplifting,24059775,Shoplifting,03/28/2024 05:24 PM,Department/discount Store,"27xx University Dr, Denton, Tx 76201",Denton Police Department (Tx)
Shoplifting,24062032,Shoplifting,03/28/2024 03:51 PM,Specialty Store,"2201xx 35, Denton, Tx",Denton Police Department (Tx)
Shoplifting,24062051,Shoplifting,03/28/2024 07:55 AM,Department/discount Store,"18xx Loop, Denton, Tx 76205",Denton Police Department (Tx)
Shoplifting,24059745,Shoplifting,03/27/2024 06:50 PM,Specialty Store,"26xx University Dr, Denton, Tx 76201",Denton Police Department (Tx)
Shoplifting,24056569,Shoplifting,03/21/2024 07:31 PM,Specialty Store,"12xx Loop, Denton, Tx 76205",Denton Police Department (Tx)
Shoplifting,24054775,Shoplifting,03/21/2024 03:27 PM,Department/discount Store,"27xx University Dr, Denton, Tx 76201",Denton Police Department (Tx)
Shoplifting,24057515,Shoplifting,03/20/2024 03:59 PM,Department/discount Store,"12xx Loop, Denton, Tx 76205",Denton Police Department (Tx)
Shoplifting,24052634,Shoplifting,03/18/2024 03:00 PM,Department/discount Store,"27xx University Dr, Denton, Tx 76201",Denton Police Department (Tx)
Shoplifting,24051998,Shoplifting,03/17/2024 05:42 PM,Grocery/supermarket,"15xx Loop, Denton, Tx 76205",Denton Police Department (Tx)
Shoplifting,24051923,Shoplifting,03/17/2024 03:01 PM,Department/discount Store,"27xx University Dr, Denton, Tx 76201",Denton Police Department (Tx)
Shoplifting,24051867,Shoplifting,3/17/2024 12:40,Department/discount Store,"27xx University Dr, Denton, Tx 76201",Denton Police Department (Tx)
Shoplifting,24051417,Shoplifting,3/16/2024 17:11,Department/discount Store,"15xx Loop, Denton, Tx 76205",Denton Police Department (Tx)
Shoplifting,24051428,Shoplifting,3/16/2024 16:44,Specialty Store,"18xx Loop, Denton, Tx 76205",Denton Police Department (Tx)
Shoplifting,24051334,Shoplifting,3/16/2024 13:52,Department/discount Store,"15xx Loop, Denton, Tx 76205",Denton Police Department (Tx)
Shoplifting,24051310,Shoplifting,3/16/2024 12:30,Department/discount Store,"27xx University Dr, Denton, Tx 76201",Denton Police Department (Tx)
Shoplifting,24051154,Shoplifting,3/16/2024 8:00,Department/discount Store,"15xx Loop, Denton, Tx 76205",Denton Police Department (Tx)
Shoplifting,24050857,Shoplifting,3/15/2024 19:34,Department/discount Store,"27xx University Dr, Denton, Tx 76201",Denton Police Department (Tx)
Shoplifting,24050853,Shoplifting,3/15/2024 19:28,Grocery/supermarket,"26xx University Dr, Denton, Tx 76201",Denton Police Department (Tx)
Shoplifting,24050836,Shoplifting,3/15/2024 18:54,Shopping Mall,"18xx Loop, Denton, Tx 76205",Denton Police Department (Tx)
Shoplifting,24050747,Shoplifting,3/15/2024 16:33,Grocery/supermarket,"27xx University Dr, Denton, Tx 76201",Denton Police Department (Tx)
Shoplifting,24050728,Shoplifting,3/15/2024 15:56,Grocery/supermarket,"27xx University Dr, Denton, Tx 76201",Denton Police Department (Tx)
Shoplifting,24050649,Shoplifting,3/15/2024 11:20,Specialty Store,"22xx Loop, Denton, Tx 76205",Denton Police Department (Tx)
Shoplifting,24050597,Shoplifting,3/15/2024 11:10,Department/discount Store,"27xx University Dr, Denton, Tx 76201",Denton Police Department (Tx)
Shoplifting,24049140,Shoplifting,3/13/2024 11:47,Department/discount Store,"15xx Loop, Denton, Tx 76205",Denton Police Department (Tx)
Shoplifting,24058630,Shoplifting,3/12/2024 19:47,Department/discount Store,"18xx Loop, Denton, Tx 76205",Denton Police Department (Tx)
Shoplifting,24049040,Shoplifting,3/12/2024 19:00,Drug Store/doctors Office/hospital,"1xx University Dr, Denton, Tx 76201",Denton Police Department (Tx)
Shoplifting,24049758,Shoplifting,3/12/2024 18:30,Department/discount Store,"1xx University Dr, Denton, Tx 76201",Denton Police Department (Tx)
Shoplifting,24047939,Shoplifting,3/11/2024 18:24,Department/discount Store,"27xx University Dr, Denton, Tx 76201",Denton Police Department (Tx)
Shoplifting,24047829,Shoplifting,3/11/2024 14:30,Department/discount Store,"15xx Loop, Denton, Tx 76205",Denton Police Department (Tx)
Shoplifting,24047766,Shoplifting,3/11/2024 12:31,Department/discount Store,"27xx University Dr, Denton, Tx 76201",Denton Police Department (Tx)
Shoplifting,24047447,Shoplifting,3/10/2024 22:30,Department/discount Store,"15xx Loop, Denton, Tx 76205",Denton Police Department (Tx)
Shoplifting,24047412,Shoplifting,3/10/2024 22:29,Department/discount Store,"15xx Loop, Denton, Tx 76205",Denton Police Department (Tx)
Shoplifting,24054927,Shoplifting,3/10/2024 15:06,Grocery/supermarket,"5xx University Dr, Denton, Tx 76201",Denton Police Department (Tx)
Shoplifting,24047175,Shoplifting,3/10/2024 12:30,Department/discount Store,"27xx University Dr, Denton, Tx 76201",Denton Police Department (Tx)
Shoplifting,24046036,Shoplifting,3/8/2024 15:38,Department/discount Store,"27xx University Dr, Denton, Tx 76201",Denton Police Department (Tx)
Shoplifting,24054294,Shoplifting,3/5/2024 13:24,Drug Store/doctors Office/hospital,"1xx University Dr, Denton, Tx 76201",Denton Police Department (Tx)
Shoplifting,24043279,Shoplifting,3/4/2024 18:46,Department/discount Store,"15xx Loop, Denton, Tx 76205",Denton Police Department (Tx)
Shoplifting,24043241,Shoplifting,3/4/2024 17:31,Grocery/supermarket,"15xx Loop, Denton, Tx 76205",Denton Police Department (Tx)
Shoplifting,24043130,Shoplifting,3/4/2024 0:00,Grocery/supermarket,"27xx University Dr, Denton, Tx 76201",Denton Police Department (Tx)
Shoplifting,24042429,Shoplifting,3/3/2024 14:57,Department/discount Store,"15xx Loop, Denton, Tx 76205",Denton Police Department (Tx)
Shoplifting,24054069,Shoplifting,3/3/2024 13:13,Specialty Store,"26xx University Dr, Denton, Tx 76201",Denton Police Department (Tx)
Shoplifting,24042223,Shoplifting,3/3/2024 8:44,Department/discount Store,"15xx Loop, Denton, Tx 76205",Denton Police Department (Tx)
Shoplifting,24041858,Shoplifting,3/2/2024 17:08,Department/discount Store,"27xx University Dr, Denton, Tx 76201",Denton Police Department (Tx)
Shoplifting,24041641,Shoplifting,3/2/2024 11:30,Department/discount Store,"27xx University Dr, Denton, Tx 76201",Denton Police Department (Tx)
Shoplifting,24041628,Shoplifting,3/2/2024 10:00,Department/discount Store,"27xx University Dr, Denton, Tx 76201",Denton Police Department (Tx)
Shoplifting,24041065,Shoplifting,3/1/2024 0:00,Department/discount Store,"18xx Loop, Denton, Tx 76205",Denton Police Department (Tx)
Shoplifting,24040982,Shoplifting,2/29/2024 0:00,Liquor Store,"18xx Loop, Denton, Tx 76205",Denton Police Department (Tx)
Shoplifting,24038969,Shoplifting,2/27/2024 18:10,Department/discount Store,"27xx University Dr, Denton, Tx 76201",Denton Police Department (Tx)
Shoplifting,24037405,Shoplifting,2/25/2024 21:24,Department/discount Store,"15xx Loop, Denton, Tx 76205",Denton Police Department (Tx)
Shoplifting,24054284,Shoplifting,2/25/2024 18:09,Department/discount Store,"18xx Loop, Denton, Tx 76205",Denton Police Department (Tx)
Shoplifting,24038681,Shoplifting,2/25/2024 17:02,Department/discount Store,"18xx Loop, Denton, Tx 76205",Denton Police Department (Tx)
Shoplifting,24036772,Shoplifting,2/24/2024 20:01,Grocery/supermarket,"15xx Loop, Denton, Tx 76205",Denton Police Department (Tx)
Shoplifting,24036687,Shoplifting,2/24/2024 17:00,Department/discount Store,"15xx Loop, Denton, Tx 76205",Denton Police Department (Tx)
Shoplifting,24036651,Shoplifting,2/24/2024 16:00,Department/discount Store,"15xx Loop, Denton, Tx 76205",Denton Police Department (Tx)
Shoplifting,24036107,Shoplifting,2/23/2024 18:07,Grocery/supermarket,"15xx Loop, Denton, Tx 76205",Denton Police Department (Tx)
Shoplifting,24036050,Shoplifting,2/23/2024 16:18,Grocery/supermarket,"15xx Loop, Denton, Tx 76205",Denton Police Department (Tx)
Shoplifting,24054147,Shoplifting,2/22/2024 20:31,Department/discount Store,"18xx Loop, Denton, Tx 76205",Denton Police Department (Tx)
Shoplifting,24049274,Shoplifting,2/21/2024 17:40,Department/discount Store,"12xx Loop, Denton, Tx 76205",Denton Police Department (Tx)
Theft,24072847,Other Larceny,4/16/2024 19:00,Department/discount Store,"27xx University Dr, Denton, Tx 76201",Denton Police Department (Tx)
Theft,24072783,Other Larceny,4/16/2024 16:35,Specialty Store,"26xx University Dr, Denton, Tx 76201",Denton Police Department (Tx)
Theft,24072456,Other Larceny,4/16/2024 8:26,Grocery/supermarket,"27xx University Dr, Denton, Tx 76201",Denton Police Department (Tx)
Theft,24072085,Other Larceny,4/15/2024 15:55,Department/discount Store,"16xx Mckinney St, Denton, Tx 76209",Denton Police Department (Tx)
Theft,24071926,Other Larceny,4/15/2024 12:14,Grocery/supermarket,"27xx University Dr, Denton, Tx 76201",Denton Police Department (Tx)
Theft,24072046,Other Larceny,4/15/2024 10:00,Other/unknown,"19xx Brinker Rd, Denton, Tx 76208",Denton Police Department (Tx)
Theft,24072788,Pocket-picking,4/15/2024 8:00,Other/unknown,"2xx Inman St, Denton, Tx 76205",Denton Police Department (Tx)
Theft,24071520,Other Larceny,4/14/2024 21:30,Residence/home,"3200xx 35, Denton, Tx 76210",Denton Police Department (Tx)
Theft,24071407,Other Larceny,4/14/2024 16:40,Grocery/supermarket,"15xx Loop, Denton, Tx 76205",Denton Police Department (Tx)
Theft,24071098,Other Larceny,4/14/2024 3:37,Industrial Site,"14xx Fort Worth Dr, Denton, Tx 76205",Denton Police Department (Tx)
Theft,24071804,Other Larceny,4/14/2024 0:00,Parking/drop Lot/garage,"52xx Par Dr, Denton, Tx 76208",Denton Police Department (Tx)
Theft,24072011,Other Larceny,4/13/2024 23:00,Residence/home,"23xx Denison St, Denton, Tx 76201",Denton Police Department (Tx)
Theft,24070739,Other Larceny,4/13/2024 15:51,Grocery/supermarket,"5xx University Dr, Denton, Tx 76201",Denton Police Department (Tx)
Theft,24070727,Other Larceny,4/13/2024 15:37,Grocery/supermarket,"15xx Loop, Denton, Tx 76205",Denton Police Department (Tx)
Theft,24070789,Other Larceny,4/13/2024 15:30,Department/discount Store,"26xx University Dr, Denton, Tx 76201",Denton Police Department (Tx)
Theft,24070732,Other Larceny,4/13/2024 15:15,Commercial/office Building,"19xx Brinker Rd, Denton, Tx 76208",Denton Police Department (Tx)
Theft,24070660,Other Larceny,4/13/2024 13:00,Department/discount Store,"27xx University Dr, Denton, Tx 76201",Denton Police Department (Tx)
Theft,24070438,Other Larceny,4/13/2024 1:00,Parking/drop Lot/garage,"4485xx 35, Denton, Tx 76207",Denton Police Department (Tx)
Theft,24072452,Other Larceny,4/12/2024 17:00,Const Site,"36xx Quail Creek Rd, Denton, Tx 76208",Denton Police Department (Tx)
Theft,24070002,Other Larceny,4/12/2024 15:51,Residence/home,"12xx Piping Rock Ln, Denton, Tx 76205",Denton Police Department (Tx)
Theft,24069930,Other Larceny,4/12/2024 12:00,Conv Store,"7xx Londonderry Ln, Denton, Tx 76205",Denton Police Department (Tx)
Theft,24069973,Other Larceny,4/11/2024 20:20,Commercial/office Building,"10xx Mayhill Rd, Denton, Tx 76208",Denton Police Department (Tx)
Theft,24072763,Other Larceny,4/11/2024 17:00,Grocery/supermarket,"11xx Loop, Denton, Tx 76205",Denton Police Department (Tx)
Theft,24069257,Other Larceny,4/11/2024 16:00,Grocery/supermarket,"5xx Acme St, Denton, Tx 76205",Denton Police Department (Tx)
Theft,24069188,Other Larceny,4/11/2024 15:20,Residence/home,"6xx Austin St, Denton, Tx 76201",Denton Police Department (Tx)
Theft,24068669,Other Larceny,4/10/2024 20:10,Department/discount Store,"15xx Loop, Denton, Tx 76205",Denton Police Department (Tx)
Theft,24068405,Other Larceny,4/10/2024 11:08,Department/discount Store,"5xx University Dr, Denton, Tx 76201",Denton Police Department (Tx)
Theft,24068310,Other Larceny,4/10/2024 8:27,Grocery/supermarket,"27xx University Dr, Denton, Tx 76201",Denton Police Department (Tx)
Theft,24068293,Other Larceny,4/10/2024 7:18,Specialty Store,"3601xx 35, Denton, Tx 76207",Denton Police Department (Tx)
Theft,24069198,Other Larceny,4/10/2024 0:00,Residence/home,"33xx Hummingbird Ln, Denton, Tx 76209",Denton Police Department (Tx)
Theft,24067081,Other Larceny,4/8/2024 14:29,Grocery/supermarket,"15xx Loop, Denton, Tx 76205",Denton Police Department (Tx)
Theft,24069327,Other Larceny,4/8/2024 0:00,Const Site,"17xx Village Creek Ln, Denton, Tx 76208",Denton Police Department (Tx)
Theft,24068154,Other Larceny,4/7/2024 21:54,Grocery/supermarket,"26xx University Dr, Denton, Tx 76201",Denton Police Department (Tx)
Theft,24066494,Other Larceny,4/7/2024 18:04,Department/discount Store,"26xx University Dr, Denton, Tx 76201",Denton Police Department (Tx)
Theft,24069288,Other Larceny,4/7/2024 14:54,Residence/home,"3200xx 35, Denton, Tx 76210",Denton Police Department (Tx)
Theft,24066445,Other Larceny,4/7/2024 14:00,Parking/drop Lot/garage,"2201xx 35, Denton, Tx 76205",Denton Police Department (Tx)
Theft,24066351,Other Larceny,4/7/2024 11:55,Grocery/supermarket,"15xx Loop, Denton, Tx 76205",Denton Police Department (Tx)
Theft,24066352,Other Larceny,4/7/2024 11:00,Residence/home,"19xx Colorado Blvd, Denton, Tx 76205",Denton Police Department (Tx)
Theft,24068140,Theft Of Veh Parts,4/7/2024 7:40,Residence/home,"7xx Driftwood Trl, Denton, Tx 76209",Denton Police Department (Tx)
Theft,24065751,Other Larceny,4/6/2024 11:00,Grocery/supermarket,"27xx University Dr, Denton, Tx 76201",Denton Police Department (Tx)
Theft,24065178,Other Larceny,4/5/2024 15:00,Grocery/supermarket,"27xx University Dr, Denton, Tx 76201",Denton Police Department (Tx)
Theft,24064997,Other Larceny,4/5/2024 0:00,Other/unknown,"17xx Fort Worth Dr, Denton, Tx 76205",Denton Police Department (Tx)
Theft,24064603,Other Larceny,4/4/2024 19:40,Grocery/supermarket,"15xx Loop, Denton, Tx 76205",Denton Police Department (Tx)
Theft,24067204,Other Larceny,4/4/2024 13:35,Residence/home,"3xx Campbell Ln, Denton, Tx 76209",Denton Police Department (Tx)
Theft,24063837,Other Larceny,4/3/2024 19:51,Service/gas Station,"7xx Fort Worth Dr, Denton, Tx 76201",Denton Police Department (Tx)
Theft,24064174,Other Larceny,4/3/2024 18:00,Residence/home,"24xx Stockbridge Rd, Denton, Tx 76208",Denton Police Department (Tx)
Theft,24063739,Other Larceny,4/3/2024 17:05,Specialty Store,"18xx Fort Worth Dr, Denton, Tx 76205",Denton Police Department (Tx)
Theft,24064216,Other Larceny,4/3/2024 15:23,Parking/drop Lot/garage,"16xx Mckinney St, Denton, Tx 76209",Denton Police Department (Tx)
Theft,24069311,Other Larceny,4/3/2024 6:00,Const Site,"17xx Village Creek Ln, Denton, Tx 76208",Denton Police Department (Tx)
Theft,24062967,Other Larceny,4/2/2024 16:51,Shelter-mission/homeless,"9xx Loop, Denton, Tx 76209",Denton Police Department (Tx)
Theft,24063058,Other Larceny,4/2/2024 16:00,Residence/home,"3xx Mckinney St, Denton, Tx 76201",Denton Police Department (Tx)
Theft,24062875,Other Larceny,4/2/2024 14:35,Grocery/supermarket,"27xx University Dr, Denton, Tx 76201",Denton Police Department (Tx)
Theft,24062971,Other Larceny,4/2/2024 14:30,Residence/home,"25xx Stockbridge Rd, Denton, Tx 76208",Denton Police Department (Tx)
Theft,24063376,Other Larceny,4/2/2024 0:00,Residence/home,"12xx Hickory St, Denton, Tx 76205",Denton Police Department (Tx)
Theft,24068145,Other Larceny,4/1/2024 23:59,Residence/home,"4xx Marietta St, Denton, Tx 76201",Denton Police Department (Tx)
Theft,24062330,Other Larceny,4/1/2024 18:15,Specialty Store,"11xx Dallas Dr, Denton, Tx 76205",Denton Police Department (Tx)
Theft,24061749,Other Larceny,3/31/2024 23:24,Department/discount Store,"15xx Loop, Denton, Tx 76205",Denton Police Department (Tx)
Theft,24061631,Other Larceny,3/31/2024 19:18,Department/discount Store,"15xx Loop, Denton, Tx 76205",Denton Police Department (Tx)
Theft,24061618,Other Larceny,3/31/2024 18:00,Specialty Store,"11xx Fort Worth Dr, Denton, Tx 76205",Denton Police Department (Tx)
Theft,24061584,Other Larceny,3/31/2024 17:07,Grocery/supermarket,"15xx Loop, Denton, Tx 76205",Denton Police Department (Tx)
Theft,24061577,Other Larceny,3/31/2024 16:43,Other/unknown,"10xx Imperial Dr, Denton, Tx 76209",Denton Police Department (Tx)
Theft,24062992,Other Larceny,3/31/2024 12:00,Residence/home,"50xx Par Dr, Denton, Tx 76208",Denton Police Department (Tx)
Theft,24061020,Other Larceny,3/30/2024 19:35,Specialty Store,"2201xx 35, Denton, Tx 76205",Denton Police Department (Tx)
Theft,24061014,Other Larceny,3/30/2024 19:00,Grocery/supermarket,"15xx Loop, Denton, Tx 76205",Denton Police Department (Tx)
Theft,24060987,Other Larceny,3/30/2024 18:26,Department/discount Store,"18xx Loop, Denton, Tx 76205",Denton Police Department (Tx)
Theft,24060954,Other Larceny,3/30/2024 17:00,Grocery/supermarket,"15xx Loop, Denton, Tx 76205",Denton Police Department (Tx)
Theft,24060911,Other Larceny,3/30/2024 15:42,Grocery/supermarket,"15xx Loop, Denton, Tx 76205",Denton Police Department (Tx)
Theft,24060873,Other Larceny,3/30/2024 14:15,Grocery/supermarket,"15xx Loop, Denton, Tx 76205",Denton Police Department (Tx)
Theft,24060867,Other Larceny,3/30/2024 14:00,Grocery/supermarket,"15xx Loop, Denton, Tx 76205",Denton Police Department (Tx)
Theft,24062374,Other Larceny,3/30/2024 12:00,Residence/home,"16xx Mckinney St, Denton, Tx 76209",Denton Police Department (Tx)
Theft,24062296,Other Larceny,3/29/2024 22:15,Parking/drop Lot/garage,"6xx Loop, Denton, Tx 76209",Denton Police Department (Tx)
Theft,24060810,Other Larceny,3/29/2024 21:30,Parking/drop Lot/garage,"6xx Audra Ln, Denton, Tx 76209",Denton Police Department (Tx)
Theft,24060803,Other Larceny,3/29/2024 20:00,Parking/drop Lot/garage,"50xx Par Dr, Denton, Tx 76208",Denton Police Department (Tx)
Theft,24062969,Other Larceny,3/29/2024 18:00,Parking/drop Lot/garage,"2406xx 35, Denton, Tx 76210",Denton Police Department (Tx)
Theft,24062276,Theft Of Veh Parts,3/29/2024 16:30,Parking/drop Lot/garage,"52xx Par Dr, Denton, Tx 76208",Denton Police Department (Tx)
Theft,24062844,Other Larceny,3/29/2024 15:00,Grocery/supermarket,"15xx Loop, Denton, Tx 76205",Denton Police Department (Tx)
Theft,24060523,Other Larceny,3/29/2024 8:00,Residence/home,"30xx Locust St, Denton, Tx 76207",Denton Police Department (Tx)
Theft,24059534,Other Larceny,3/28/2024 15:33,Department/discount Store,"27xx University Dr, Denton, Tx 76201",Denton Police Department (Tx)
Theft,24059262,Other Larceny,3/28/2024 8:30,Grocery/supermarket,"36xx Mckinney St, Denton, Tx 76209",Denton Police Department (Tx)
Theft,24058801,Other Larceny,3/27/2024 15:17,Specialty Store,"29xx University Dr, Denton, Tx 76201",Denton Police Department (Tx)
Theft,24058746,Other Larceny,3/27/2024 13:45,Department/discount Store,"26xx University Dr, Denton, Tx 76201",Denton Police Department (Tx)
Theft,24059561,Other Larceny,3/27/2024 12:40,Specialty Store,"3801xx 35, Denton, Tx 76207",Denton Police Department (Tx)
Theft,24058275,Other Larceny,3/26/2024 20:41,Department/discount Store,"15xx Loop, Denton, Tx 76205",Denton Police Department (Tx)
Theft,24058334,Other Larceny,3/26/2024 20:00,Highway/road/alley/street/sidewalk,"5xx University Dr, Denton, Tx 76201",Denton Police Department (Tx)
Theft,24058229,Other Larceny,3/26/2024 18:39,Conv Store,"27xx University Dr, Denton, Tx 76201",Denton Police Department (Tx)
Theft,24058200,Other Larceny,3/26/2024 17:24,Grocery/supermarket,"15xx Loop, Denton, Tx 76205",Denton Police Department (Tx)
Theft,24058109,Other Larceny,3/26/2024 15:23,Grocery/supermarket,"27xx University Dr, Denton, Tx 76201",Denton Police Department (Tx)
Theft,24057693,Other Larceny,3/26/2024 1:40,Residence/home,"13xx Dallas Dr, Denton, Tx 76205",Denton Police Department (Tx)
Theft,24058349,Other Larceny,3/25/2024 20:00,Residence/home,"1xx Crawford St, Denton, Tx 76205",Denton Police Department (Tx)
Theft,24059420,Other Larceny,3/25/2024 20:00,Residence/home,"28xx Paisley St, Denton, Tx 76209",Denton Police Department (Tx)
Theft,24057448,Other Larceny,3/25/2024 17:10,Conv Store,"27xx University Dr, Denton, Tx 76201",Denton Police Department (Tx)
Theft,24057435,Other Larceny,3/25/2024 17:02,Conv Store,"32xx Teasley Ln, Denton, Tx 76205",Denton Police Department (Tx)
Theft,24057286,Other Larceny,3/24/2024 23:30,Residence/home,"15xx Meadow St, Denton, Tx 76205",Denton Police Department (Tx)
Theft,24060938,Other Larceny,3/24/2024 21:00,Parking/drop Lot/garage,"2800xx 35, Denton, Tx 76210",Denton Police Department (Tx)
Theft,24056758,Other Larceny,3/24/2024 17:58,,"2201xx 35, Denton, Tx 76205",Denton Police Department (Tx)
Theft,24056754,Other Larceny,3/24/2024 17:54,Grocery/supermarket,"15xx Loop, Denton, Tx 76205",Denton Police Department (Tx)
Theft,24056677,Other Larceny,3/24/2024 14:28,Department/discount Store,"27xx University Dr, Denton, Tx 76201",Denton Police Department (Tx)
Theft,24056291,Other Larceny,3/23/2024 22:00,Grocery/supermarket,"15xx Loop, Denton, Tx 76205",Denton Police Department (Tx)
Theft,24056155,Other Larceny,3/23/2024 17:51,Grocery/supermarket,"27xx University Dr, Denton, Tx 76201",Denton Police Department (Tx)
Theft,24056077,Other Larceny,3/23/2024 15:02,Department/discount Store,"27xx University Dr, Denton, Tx 76201",Denton Police Department (Tx)
Theft,24056531,Other Larceny,3/23/2024 10:00,Parking/drop Lot/garage,"25xx Bell Ave, Denton, Tx 76209",Denton Police Department (Tx)
Theft,24055579,Other Larceny,3/22/2024 18:50,Department/discount Store,"27xx University Dr, Denton, Tx 76201",Denton Police Department (Tx)
Theft,24055577,Other Larceny,03/22/2024 06:32 PM,Department/discount Store,"15xx Loop, Denton, Tx 76205",Denton Police Department (Tx)
Theft,24055570,Other Larceny,03/22/2024 06:21 PM,Department/discount Store,"27xx University Dr, Denton, Tx 76201",Denton Police Department (Tx)
Theft,24055500,Other Larceny,03/22/2024 04:12 PM,Grocery/supermarket,"15xx Loop, Denton, Tx 76205",Denton Police Department (Tx)
Theft,24055482,Other Larceny,03/22/2024 03:47 PM,Department/discount Store,"27xx University Dr, Denton, Tx 76201",Denton Police Department (Tx)
Theft,24055445,Other Larceny,03/22/2024 02:40 PM,Department/discount Store,"27xx University Dr, Denton, Tx 76201",Denton Police Department (Tx)
Theft,24055382,Other Larceny,03/22/2024 01:03 PM,Grocery/supermarket,"15xx Loop, Denton, Tx 76205",Denton Police Department (Tx)
Theft,24055403,Other Larceny,03/22/2024 01:00 PM,Residence/home,"34xx Nottingham Dr, Denton, Tx 76209",Denton Police Department (Tx)
Theft,24057174,Other Larceny,03/21/2024 11:00 PM,Residence/home,"9xx Fannin St, Denton, Tx 76201",Denton Police Department (Tx)
Theft,24055352,Other Larceny,03/21/2024 07:30 PM,Specialty Store,"260xx 35, Denton, Tx 76205",Denton Police Department (Tx)
Theft,24054907,Other Larceny,03/21/2024 06:47 PM,Conv Store,"27xx University Dr, Denton, Tx 76201",Denton Police Department (Tx)
Theft,24054850,Other Larceny,03/21/2024 05:01 PM,Residence/home,"15xx Knight St, Denton, Tx 76205",Denton Police Department (Tx)
Theft,24054672,Other Larceny,03/21/2024 11:41 AM,Grocery/supermarket,"15xx Loop, Denton, Tx 76205",Denton Police Department (Tx)
Theft,24054536,Other Larceny,03/21/2024 08:30 AM,Grocery/supermarket,"27xx University Dr, Denton, Tx 76201",Denton Police Department (Tx)
Theft,24054369,Other Larceny,03/21/2024 01:00 AM,Highway/road/alley/street/sidewalk,"Maple St, Denton, Tx 76201",Denton Police Department (Tx)
Theft,24054705,Other Larceny,03/21/2024 12:00 AM,Residence/home,"42xx Autumn Path Rd, Denton, Tx 76208",Denton Police Department (Tx)
Theft,24054046,Other Larceny,03/20/2024 03:50 PM,Grocery/supermarket,"26xx University Dr, Denton, Tx 76201",Denton Police Department (Tx)
Theft,24054113,Theft Of Veh Parts,03/20/2024 01:00 PM,Parking/drop Lot/garage,"10xx Eagle Dr, Denton, Tx 76201",Denton Police Department (Tx)
Theft,24053838,Other Larceny,03/20/2024 10:19 AM,Conv Store,"1xx University Dr, Denton, Tx 76201",Denton Police Department (Tx)
Theft,24054727,Other Larceny,03/20/2024 10:00 AM,Residence/home,"1xx Bellaire Dr, Denton, Tx 76209",Denton Police Department (Tx)
Theft,24058839,Other Larceny,03/20/2024 12:00 AM,Residence/home,"18xx Concord Ln, Denton, Tx 76205",Denton Police Department (Tx)
Theft,24053459,Other Larceny,03/19/2024 07:24 PM,Department/discount Store,"27xx University Dr, Denton, Tx 76201",Denton Police Department (Tx)
Theft,24053334,Other Larceny,03/19/2024 03:32 PM,Grocery/supermarket,"27xx University Dr, Denton, Tx 76201",Denton Police Department (Tx)
Theft,24053295,Other Larceny,03/19/2024 02:04 PM,Department/discount Store,"27xx University Dr, Denton, Tx 76201",Denton Police Department (Tx)
Theft,24055941,Other Larceny,03/19/2024 02:00 PM,Conv Store,"39xx Mckinney St, Denton, Tx 76209",Denton Police Department (Tx)
Theft,24053244,Other Larceny,03/19/2024 12:48 PM,Department/discount Store,"27xx University Dr, Denton, Tx 76201",Denton Police Department (Tx)
Theft,24052960,Other Larceny,03/19/2024 06:03 AM,Service/gas Station,"28xx University Dr, Denton, Tx 76201",Denton Police Department (Tx)
Theft,24060978,Other Larceny,03/19/2024 03:00 AM,Residence/home,"25xx Cerros Ln, Denton, Tx 76207",Denton Police Department (Tx)
Theft,24053143,Other Larceny,03/19/2024 12:00 AM,Parking/drop Lot/garage,"3xx Bell Ave, Denton, Tx 76201",Denton Police Department (Tx)
Theft,24052786,Other Larceny,03/18/2024 07:50 PM,Department/discount Store,"6xx University Dr, Denton, Tx 76201",Denton Police Department (Tx)
Theft,24052728,Other Larceny,03/18/2024 05:45 PM,Grocery/supermarket,"27xx University Dr, Denton, Tx 76201",Denton Police Department (Tx)
Theft,24053398,Other Larceny,03/18/2024 05:30 PM,Residence/home,"11xx Linden Dr, Denton, Tx 76201",Denton Police Department (Tx)
Theft,24052714,Other Larceny,03/18/2024 05:27 PM,Parking/drop Lot/garage,"22xx University Dr, Denton, Tx 76201",Denton Police Department (Tx)
Theft,24052640,Other Larceny,03/18/2024 03:00 PM,Grocery/supermarket,"15xx Loop, Denton, Tx 76205",Denton Police Department (Tx)
Theft,24052614,Other Larceny,03/18/2024 02:48 PM,Department/discount Store,"27xx University Dr, Denton, Tx 76201",Denton Police Department (Tx)
Theft,24054145,Other Larceny,03/18/2024 12:00 PM,Service/gas Station,"17xx Loop, Denton, Tx 76205",Denton Police Department (Tx)
Theft,24052577,Other Larceny,03/18/2024 12:00 AM,Highway/road/alley/street/sidewalk,"13xx Kings Row, Denton, Tx 76209",Denton Police Department (Tx)
Theft,24052112,Other Larceny,03/17/2024 09:32 PM,Grocery/supermarket,"15xx Loop, Denton, Tx 76205",Denton Police Department (Tx)
Theft,24052671,Other Larceny,03/17/2024 08:00 PM,Residence/home,"9xx Cleveland St, Denton, Tx 76201",Denton Police Department (Tx)
Theft,24052055,Other Larceny,03/17/2024 07:28 PM,Department/discount Store,"27xx University Dr, Denton, Tx 76201",Denton Police Department (Tx)
Theft,24052053,Other Larceny,03/17/2024 07:26 PM,Grocery/supermarket,"15xx Loop, Denton, Tx 76205",Denton Police Department (Tx)
Theft,24053268,Other Larceny,03/17/2024 07:00 PM,Residence/home,"17xx Linden Dr, Denton, Tx 76201",Denton Police Department (Tx)
Theft,24052029,Other Larceny,03/17/2024 06:46 PM,Grocery/supermarket,"15xx Loop, Denton, Tx 76205",Denton Police Department (Tx)
Theft,24051930,Other Larceny,03/17/2024 03:14 PM,Residence/home,"14xx Oakland St, Denton, Tx 76201",Denton Police Department (Tx)
Theft,24053190,Other Larceny,03/17/2024 03:00 PM,Residence/home,"4xx Texas St, Denton, Tx 76201",Denton Police Department (Tx)
Theft,24060097,Theft Of Veh Parts,03/17/2024 08:15 AM,Residence/home,"4xx Audra Ln, Denton, Tx 76209",Denton Police Department (Tx)
Theft,24059333,Other Larceny,03/17/2024 12:00 AM,Grocery/supermarket,"11xx Loop, Denton, Tx 76205",Denton Police Department (Tx)
Theft,24051633,Other Larceny,03/16/2024 11:00 PM,Conv Store,"26xx University Dr, Denton, Tx 76201",Denton Police Department (Tx)
Theft,24057386,Other Larceny,03/16/2024 05:00 PM,Field/woods,"33xx University Dr, Denton, Tx 76209",Denton Police Department (Tx)
Theft,24050849,Other Larceny,03/15/2024 07:00 PM,Residence/home,"12xx Oak Vly, Denton, Tx 76209",Denton Police Department (Tx)
Theft,24053799,Other Larceny,03/15/2024 11:55 AM,Bank/s&l,"23xx Kingston Trce, Denton, Tx 76209",Denton Police Department (Tx)
Theft,24052561,Other Larceny,03/15/2024 12:00 AM,Other/unknown,"70xx Bishop Pine Rd, Denton, Tx 76208",Denton Police Department (Tx)
Theft,24054679,Other Larceny,03/15/2024 12:00 AM,Bank/s&l,"22xx Fort Worth Dr, Denton, Tx 76205",Denton Police Department (Tx)
Theft,24050499,Other Larceny,03/14/2024 04:30 PM,Const Site,"17xx Northstar Rd, Denton, Tx 76208",Denton Police Department (Tx)
Theft,24049655,Theft Of Veh Parts,03/13/2024 10:00 PM,Residence/home,"11xx Brittany Dr, Denton, Tx 76209",Denton Police Department (Tx)
Theft,24053516,Other Larceny,03/13/2024 03:34 PM,Parking/drop Lot/garage,"7xx Dallas Dr, Denton, Tx 76205",Denton Police Department (Tx)
Theft,24063505,Other Larceny,03/13/2024 10:00 AM,Residence/home,"25xx Tom Cole Rd, Denton, Tx 76207",Denton Police Department (Tx)
Theft,24059334,Other Larceny,03/13/2024 12:00 AM,Grocery/supermarket,"11xx Loop, Denton, Tx 76205",Denton Police Department (Tx)
Theft,24058759,Other Larceny,03/12/2024 08:30 PM,Drug Store/doctors Office/hospital,"32xx Teasley Ln, Denton, Tx 76205",Denton Police Department (Tx)
Theft,24047862,Other Larceny,03/11/2024 01:07 PM,Residence/home,"35xx Mckinney St, Denton, Tx 76209",Denton Police Department (Tx)
Theft,24047665,Theft Of Veh Parts,03/10/2024 09:00 PM,Residence/home,"34xx Joyce Ln, Denton, Tx 76207",Denton Police Department (Tx)
Theft,24047377,Other Larceny,03/10/2024 06:13 PM,Residence/home,"2xx Hann St, Denton, Tx 76201",Denton Police Department (Tx)
Theft,24053448,Other Larceny,03/10/2024 03:00 PM,Service/gas Station,"2800xx 35, Denton, Tx 76210",Denton Police Department (Tx)
Theft,24046596,Other Larceny,03/09/2024 01:22 PM,Department/discount Store,"27xx University Dr, Denton, Tx 76201",Denton Police Department (Tx)
Theft,24054916,Theft Of Veh Parts,03/09/2024 01:20 PM,Residence/home,"14xx Pickwick Ln, Denton, Tx 76209",Denton Police Department (Tx)
Theft,24046581,Other Larceny,03/09/2024 12:11 PM,Specialty Store,"15xx Loop, Denton, Tx 76205",Denton Police Department (Tx)
Theft,24054921,Theft Of Veh Parts,03/09/2024 11:30 AM,Residence/home,"2xx Bonnie Brae St, Denton, Tx 76201",Denton Police Department (Tx)
Theft,24046063,Other Larceny,03/08/2024 04:27 PM,Grocery/supermarket,"15xx Loop, Denton, Tx 76205",Denton Police Department (Tx)
Theft,24046034,Other Larceny,03/08/2024 03:37 PM,Grocery/supermarket,"15xx Loop, Denton, Tx 76205",Denton Police Department (Tx)
Theft,24046537,Theft Of Veh Parts,03/08/2024 02:00 PM,Residence/home,"27xx Mckinney St, Denton, Tx 76209",Denton Police Department (Tx)
Theft,24045928,Other Larceny,03/08/2024 12:27 PM,Grocery/supermarket,"15xx Loop, Denton, Tx 76205",Denton Police Department (Tx)
Theft,24045923,Other Larceny,03/08/2024 12:16 PM,Department/discount Store,"27xx University Dr, Denton, Tx 76201",Denton Police Department (Tx)
Theft,24045963,Other Larceny,03/08/2024 12:00 PM,Government/public Building,"5xx Oakland St, Denton, Tx 76201",Denton Police Department (Tx)
Theft,24059335,Other Larceny,03/08/2024 12:00 AM,Grocery/supermarket,"11xx Loop, Denton, Tx 76205",Denton Police Department (Tx)
Theft,24058009,Other Larceny,03/07/2024 04:25 PM,Commercial/office Building,"15xx Mckinney St, Denton, Tx 76209",Denton Police Department (Tx)
Theft,24045388,Other Larceny,03/07/2024 01:40 PM,Grocery/supermarket,"27xx University Dr, Denton, Tx 76201",Denton Police Department (Tx)
Theft,24045243,Other Larceny,03/07/2024 09:30 AM,Department/discount Store,"12xx Loop, Denton, Tx 76205",Denton Police Department (Tx)
Theft,24045432,Other Larceny,03/07/2024 05:50 AM,Hotel/motel/etc.,"4465xx 35, Denton, Tx 76207",Denton Police Department (Tx)
Theft,24054338,Other Larceny,03/06/2024 08:30 PM,Park/playground,"20xx Windsor Dr, Denton, Tx 76207",Denton Police Department (Tx)
Theft,24046004,Other Larceny,03/06/2024 04:40 PM,Const Site,"Los Colinas St, Denton, Tx 76207",Denton Police Department (Tx)
Theft,24044622,Other Larceny,03/06/2024 12:15 PM,Grocery/supermarket,"27xx University Dr, Denton, Tx 76201",Denton Police Department (Tx)
Theft,24054337,Other Larceny,03/05/2024 04:00 PM,Department/discount Store,"18xx Loop, Denton, Tx 76205",Denton Police Department (Tx)
Theft,24043958,Other Larceny,03/05/2024 03:40 PM,Residence/home,"27xx University Dr, Denton, Tx 76201",Denton Police Department (Tx)
Theft,24043935,Other Larceny,03/05/2024 03:04 PM,Grocery/supermarket,"15xx Loop, Denton, Tx 76205",Denton Police Department (Tx)
Theft,24043881,Other Larceny,03/05/2024 01:54 PM,Department/discount Store,"27xx University Dr, Denton, Tx 76201",Denton Police Department (Tx)
Theft,24043979,Other Larceny,03/05/2024 01:40 PM,Other/unknown,"723xx 35 E Hwy, Denton, Tx 76205",Denton Police Department (Tx)
Theft,24043043,Other Larceny,03/04/2024 12:10 PM,Grocery/supermarket,"15xx Loop, Denton, Tx 76205",Denton Police Department (Tx)
Theft,24044748,Other Larceny,03/04/2024 08:30 AM,Department/discount Store,"15xx Malone St, Denton, Tx 76201",Denton Police Department (Tx)
Theft,24042643,Other Larceny,03/03/2024 10:00 PM,Grocery/supermarket,"15xx Loop, Denton, Tx 76205",Denton Police Department (Tx)
Theft,24054316,Theft From Vending,03/03/2024 01:00 AM,Residence/home,"500xx 35, Denton, Tx 76205",Denton Police Department (Tx)
Theft,24042104,Theft Of Veh Parts,03/02/2024 11:00 PM,Hotel/motel/etc.,"14xx Centre Place Dr, Denton, Tx 76205",Denton Police Department (Tx)
Theft,24043631,Other Larceny,03/02/2024 07:00 PM,Highway/road/alley/street/sidewalk,"21xx Sadau Ct, Denton, Tx 76200",Denton Police Department (Tx)
Theft,24041645,Other Larceny,03/02/2024 11:42 AM,Bank/s&l,"17xx Carroll Blvd, Denton, Tx 76201",Denton Police Department (Tx)
Theft,24041095,Other Larceny,03/01/2024 03:54 PM,Residence/home,"15xx Meadow St, Denton, Tx 76205",Denton Police Department (Tx)
Theft,24041068,Other Larceny,03/01/2024 03:20 PM,Department/discount Store,"19xx Brinker Rd, Denton, Tx 76208",Denton Police Department (Tx)
Theft,24054904,Theft Of Veh Parts,03/01/2024 12:10 PM,Commercial/office Building,"24xx Worthington Dr, Denton, Tx 76207",Denton Police Department (Tx)
Theft,24041879,Other Larceny,03/01/2024 12:00 PM,Residence/home,"27xx Mckinney St, Denton, Tx 76209",Denton Police Department (Tx)
Theft,24054132,Other Larceny,03/01/2024 11:38 AM,Residence/home,"13xx Phoenix Ct, Denton, Tx 76205",Denton Police Department (Tx)
Theft,24054320,Other Larceny,03/01/2024 10:00 AM,Residence/home,"17xx Ruddell St, Denton, Tx 76209",Denton Police Department (Tx)
Theft,24040637,Other Larceny,03/01/2024 04:18 AM,Residence/home,"31xx Inglewood St, Denton, Tx 76209",Denton Police Department (Tx)
Theft,24040870,Other Larceny,03/01/2024 03:00 AM,Parking/drop Lot/garage,"12xx Cleveland St, Denton, Tx 76201",Denton Police Department (Tx)
Theft,24040599,Other Larceny,03/01/2024 02:22 AM,Residence/home,"31xx Inglewood St, Denton, Tx 76209",Denton Police Department (Tx)
Theft,24055140,Other Larceny,03/01/2024 12:00 AM,Bank/s&l,"15xx Nottingham Dr, Denton, Tx 76209",Denton Police Department (Tx)
Theft,24052681,Other Larceny,02/29/2024 08:26 PM,Bar/nightclub,"1xx Elm St, Denton, Tx 76201",Denton Police Department (Tx)
Theft,24040887,Other Larceny,02/29/2024 07:00 PM,Parking/drop Lot/garage,"27xx Elm St, Denton, Tx 76201",Denton Police Department (Tx)
Theft,24042874,Other Larceny,02/29/2024 06:00 PM,Const Site,"56xx Mckinney St, Denton, Tx 76208",Denton Police Department (Tx)
Theft,24040761,Theft Of Veh Parts,02/29/2024 04:00 PM,Government/public Building,"36xx Mckinney St, Denton, Tx 76209",Denton Police Department (Tx)
Theft,24040297,Other Larceny,02/29/2024 03:08 PM,Department/discount Store,"27xx University Dr, Denton, Tx 76201",Denton Police Department (Tx)
Theft,24040090,Other Larceny,02/29/2024 03:45 AM,Hotel/motel/etc.,"15xx Centre Place Dr, Denton, Tx 76205",Denton Police Department (Tx)
Theft,24053996,Theft Of Veh Parts,02/29/2024 01:00 AM,Residence/home,"12xx Cleveland St, Denton, Tx 76201",Denton Police Department (Tx)
Theft,24054486,Theft Of Veh Parts,02/29/2024 12:00 AM,Residence/home,"13xx Dallas Dr, Denton, Tx 76205",Denton Police Department (Tx)
Theft,24040350,Other Larceny,02/29/2024 12:00 AM,Parking/drop Lot/garage,"2xx Bonnie Brae St, Denton, Tx 76201",Denton Police Department (Tx)
Theft,24040138,Other Larceny,02/28/2024 10:00 PM,Parking/drop Lot/garage,"13xx Scripture St, Denton, Tx 76201",Denton Police Department (Tx)
Theft,24039756,Other Larceny,02/28/2024 06:56 PM,Department/discount Store,"15xx Loop, Denton, Tx 76205",Denton Police Department (Tx)
Theft,24039750,Other Larceny,02/28/2024 06:36 PM,Department/discount Store,"2201xx 35, Denton, Tx 76205",Denton Police Department (Tx)
Theft,24040218,Other Larceny,02/28/2024 06:00 PM,Residence/home,"14xx Centre Place Dr, Denton, Tx 76205",Denton Police Department (Tx)
Theft,24040256,Other Larceny,02/28/2024 04:00 PM,Residence/home,"24xx Hickory St, Denton, Tx 76201",Denton Police Department (Tx)
Theft,24040115,Other Larceny,02/28/2024 03:30 PM,Parking/drop Lot/garage,"13xx Scripture St, Denton, Tx 76201",Denton Police Department (Tx)
Theft,24039814,Other Larceny,02/28/2024 12:00 PM,Residence/home,"39xx Elm St, Denton, Tx 76207",Denton Police Department (Tx)
Theft,24039635,Other Larceny,02/28/2024 12:00 PM,Specialty Store,"8xx University Dr, Denton, Tx 76201",Denton Police Department (Tx)
Theft,24039570,Other Larceny,02/28/2024 11:30 AM,Residence/home,"35xx Quail Creek Dr, Denton, Tx 76208",Denton Police Department (Tx)
Theft,24039359,Other Larceny,02/28/2024 05:00 AM,Residence/home,"33xx Valley View Rd, Denton, Tx 76209",Denton Police Department (Tx)
Theft,24038980,Other Larceny,02/27/2024 06:36 PM,Grocery/supermarket,"27xx University Dr, Denton, Tx 76201",Denton Police Department (Tx)
Theft,24041148,Other Larceny,02/27/2024 01:55 AM,Other/unknown,"15xx Eagle Dr, Denton, Tx 76201",Denton Police Department (Tx)
Theft,24038616,Other Larceny,02/27/2024 12:00 AM,Parking/drop Lot/garage,"35xx Mckinney St, Denton, Tx 76209",Denton Police Department (Tx)
Theft,24060795,Other Larceny,02/27/2024 12:00 AM,Residence/home,"19xx Jacqueline Dr, Denton, Tx 76205",Denton Police Department (Tx)
Theft,24038226,Other Larceny,02/26/2024 07:20 PM,Restaurant,"2817xx 35, Denton, Tx 76210",Denton Police Department (Tx)
Theft,24037904,Other Larceny,02/26/2024 01:00 PM,Conv Store,"27xx University Dr, Denton, Tx 76201",Denton Police Department (Tx)
Theft,24037258,Other Larceny,02/25/2024 04:00 PM,Grocery/supermarket,"15xx Loop, Denton, Tx 76205",Denton Police Department (Tx)
Theft,24037187,Other Larceny,02/25/2024 01:18 PM,Grocery/supermarket,"15xx Loop, Denton, Tx 76205",Denton Police Department (Tx)
Theft,24037165,Other Larceny,02/25/2024 12:20 PM,Grocery/supermarket,"15xx Loop, Denton, Tx 76205",Denton Police Department (Tx)
Theft,24054051,Other Larceny,02/25/2024 07:41 AM,Other/unknown,"34xx Shadow Trl, Denton, Tx 76207",Denton Police Department (Tx)
Theft,24036756,Other Larceny,02/24/2024 07:00 PM,Department/discount Store,"2201xx 35, Denton, Tx 76205",Denton Police Department (Tx)
Theft,24036729,Other Larceny,02/24/2024 05:30 PM,Specialty Store,"15xx Loop, Denton, Tx 76205",Denton Police Department (Tx)
Theft,24036665,Other Larceny,02/24/2024 04:00 PM,Department/discount Store,"2201xx 35, Denton, Tx 76205",Denton Police Department (Tx)
Theft,24036629,Other Larceny,02/24/2024 02:52 PM,Grocery/supermarket,"15xx Loop, Denton, Tx 76205",Denton Police Department (Tx)
Theft,24037071,Other Larceny,02/24/2024 12:00 PM,Residence/home,"32xx Brooke St, Denton, Tx 76207",Denton Police Department (Tx)
Theft,24067834,Other Larceny,02/24/2024 12:00 PM,Department/discount Store,"18xx University Dr, Denton, Tx 76201",Denton Police Department (Tx)
Theft,24041136,Other Larceny,02/24/2024 12:01 AM,Industrial Site,"2xx Western Blvd, Denton, Tx 76207",Denton Police Department (Tx)
Theft,24036192,Other Larceny,02/23/2024 08:45 PM,Grocery/supermarket,"15xx Loop, Denton, Tx 76205",Denton Police Department (Tx)
Theft,24036009,Other Larceny,02/23/2024 03:37 PM,Grocery/supermarket,"15xx Loop, Denton, Tx 76205",Denton Police Department (Tx)
Theft,24036026,Other Larceny,02/23/2024 03:30 PM,Grocery/supermarket,"18xx Loop, Denton, Tx 76205",Denton Police Department (Tx)
Theft,24036017,Other Larceny,02/23/2024 03:21 PM,Residence/home,"35xx Mckinney St, Denton, Tx 76209",Denton Police Department (Tx)
Theft,24035861,Other Larceny,02/23/2024 11:14 AM,Grocery/supermarket,"15xx Loop, Denton, Tx 76205",Denton Police Department (Tx)
Theft,24038252,Theft Of Veh Parts,02/23/2024 07:00 AM,Specialty Store,"21xx University Dr, Denton, Tx 76201",Denton Police Department (Tx)
Theft,24035371,Other Larceny,02/22/2024 02:30 PM,Department/discount Store,"18xx Brinker Rd, Denton, Tx 76208",Denton Police Department (Tx)
Theft,24035263,Other Larceny,02/22/2024 12:30 PM,Service/gas Station,"22xx University Dr, Denton, Tx 76201",Denton Police Department (Tx)
Theft,24035061,Other Larceny,02/22/2024 10:15 AM,Parking/drop Lot/garage,"2201xx 35, Denton, Tx 76205",Denton Police Department (Tx)
Theft,24035255,Other Larceny,02/22/2024 02:01 AM,Residence/home,"5xx Mounts Ave, Denton, Tx 76201",Denton Police Department (Tx)
Theft,24035349,Other Larceny,02/21/2024 06:00 PM,Const Site,"3451xx 35, Denton, Tx 76207",Denton Police Department (Tx)
Theft,24034518,Other Larceny,02/21/2024 05:30 PM,Highway/road/alley/street/sidewalk,"24xx Longmeadow Ct, Denton, Tx 76209",Denton Police Department (Tx)
