Complaint_Date,Closure_Date,Received_By,Complaints_Num,Officers_Inolved_Num,Allegations_Made_Num,Allegations_Made
2/28/2023 5:00:00 AM,Open,CRB,1,1,1,Excessive Force
2/28/2023 5:00:00 AM,Open,CRB,1,1,1,Excessive Force
3/1/2023 05:00:00,10/5/2023,CRB,1,1,1,Excessive Force
3/10/2023 05:00:00,Open,CRB,1,1,1,Fail to Act
3/17/2023 4:00:00 AM,3/1/2024,CRB,1,1,1,Fail To Act
3/17/2023 4:00:00 AM,Open,SPD,1,1,1,Excessive Force
4/13/2023 4:00:00 AM,10/4/2023,SPD,1,1,1,Demeanor
5/19/2023 4:00:00 AM,Open,CRB,1,2,2,False Arrest
5/23/2023 4:00:00 AM,11/20/2023,SPD,1,0,0,Other
6/15/2023 4:00:00 AM,3/1/2024,CRB,1,2,2,Harassment
6/15/2023 4:00:00 AM,Open,CRB,1,1,1,Harassment
6/20/2023 4:00:00 AM,Open,CRB,1,1,1,Fail to Act
6/25/2023 4:00:00 AM,Open,CRB,1,2,2,Excessive Force
6/27/2023 4:00:00 AM,Open,CRB,1,2,2,Excessive Force
6/29/2023 4:00:00 AM,Open,CRB,1,2,2,Harassment
7/3/2023 04:00:00,Open,SPD,1,1,1,False Arrest
7/3/2023 04:00:00,Open,SPD,1,4,4,Other
7/3/2023 04:00:00,Open,SPD,1,1,1,Unlawful Arrest
7/5/2023 04:00:00,1/9/2024,CRB,1,1,1,Fail to Act
7/24/2023 4:00:00 AM,Open,CRB,1,2,2,Excessive Force
8/4/2023 04:00:00,Open,CRB,1,2,2,Demeanor
7/25/2023 4:00:00 AM,10/9/2023,CRB,1,1,1,Fail To act
8/7/2023 04:00:00,Open,CRB,1,1,1,Harassment
8/8/2023 04:00:00,Open,CRB,1,1,1,Harassment
8/10/2023 04:00:00,Open,CRB,1,1,1,Excessive Force
8/22/2023 4:00:00 AM,Open,CRB,1,1,1,Unlawful Arrest
8/28/2023 4:00:00 AM,Open,CRB,1,1,1,Demeanor
9/19/2023 4:00:00 AM,Open,CRb,1,2,2,Fail to Act
9/21/2023 4:00:00 AM,Open,SPD,1,2,2,Policy Violation
10/10/2023 04:00:00,Open,CRB,1,2,2,Fail to Act
9/29/2023 4:00:00 AM,Open,AG,1,1,1,Other
10/18/2023 4:00:00 AM,3/15/2024,CRB,1,1,1,Fail to Act
10/18/2023 4:00:00 AM,Open,CRB,1,1,1,Demeanor
10/27/2023 4:00:00 AM,Open,CRB,1,1,1,Fail to Act
11/8/2023 05:00:00,Open,CRB,1,2,2,Demeanor
11/8/2023 05:00:00,Open,CRB,1,1,1,Fail to Act
11/10/2023 05:00:00,Open,CRB,1,2,2,Policy Violation
11/10/2023 05:00:00,3/22/2024,AG,1,1,1,Demeanor
11/13/2023 5:00:00 AM,Open,CRB,1,1,1,Fail to Act
11/13/2023 5:00:00 AM,Open,CRB,1,2,2,Other
11/16/2023 5:00:00 AM,Open,SPD,1,2,2,Fail to Act
11/16/2023 5:00:00 AM,Open,CRB,1,1,1,False Arrest
11/16/2023 5:00:00 AM,Open,CRB,1,2,2,Excessive Force
11/20/2023 5:00:00 AM,Open,CRB,1,1,1,Demenaor
11/20/2023 5:00:00 AM,Open,CRB,1,2,2,Fail to Act
11/21/2023 5:00:00 AM,Open,CRB,1,2,2,Policy Violation
11/27/2023 5:00:00 AM,Open,CRB,1,1,1,Demenaor
11/30/2023 5:00:00 AM,Open,CRB,1,1,1,Demeanor
12/14/2023 5:00:00 AM,Open,CRB,1,1,1,Harassment
12/18/2023 5:00:00 AM,Open,CRB,1,1,1,Harassment
12/17/2023 5:00:00 AM,3/15/2024,CRB,1,2,2,Fail to act
12/22/2023 5:00:00 AM,Open,CRB,1,2,2,Unlawful Arrest
12/27/2023 5:00:00 AM,Open,CRB,1,4,3,Demeanor
12/26/2023 5:00:00 AM,Open,CRB,1,2,2,Fail to Act
1/10/2024 05:00:00,Open,CRB,1,2,2,Demeanor
1/12/2024 05:00:00,Open,SPD,1,1,1,Demeanor
1/11/2024 05:00:00,Open,CRB,1,1,1,Harassment
1/17/2024 5:00:00 AM,Open,CRB,1,2,2,Excessive Force
1/23/2024 5:00:00 AM,Open,CRB,1,1,1,Other
1/29/2024 5:00:00 AM,Open,CRB,1,1,1,Demeanor
1/30/2024 5:00:00 AM,Open,CRB,1,1,1,Fail to Act
2/15/2024 5:00:00 AM,Open,CRB,1,1,1,Excessive Force
2/21/2024 5:00:00 AM,Open,SPD,1,2,2,Excessive Force
2/27/2024 5:00:00 AM,Open,CRB,1,1,1,False arrest
3/1/2024 05:00:00,Open,CRB,1,2,2,Fail to Act
3/14/2024 4:00:00 AM,Open,SPD,1,2,2,fail to Act
3/19/2024 4:00:00 AM,Open,CRB,1,1,1,Demeanor
3/21/2024 4:00:00 AM,Open,CRB,1,3,3,Demeanor
1/4/2022 05:00:00,Open,SPD,1,2,1,Excessive Force
1/4/2022 05:00:00,Open,CRB,1,2,1,Fail to Act
1/7/2022 05:00:00,3/10/2022,CRB,1,3,1,Unlawful Search
1/7/2022 05:00:00,Open,CRB,1,5,1,Excessive Force
1/19/2022 5:00:00 AM,Open,CRB,1,1,1,Excessive Force
1/19/2022 5:00:00 AM,Open,CRB,1,1,1,Excessive Force
2/8/2022 05:00:00,Open,SPD,1,1,1,Demeanor
2/8/2022 05:00:00,Open,SPD,1,1,1,False Arrest
2/15/2022 5:00:00 AM,9/24/2022,SPD,3,4,4,Fail to Act
2/18/2022 5:00:00 AM,6/14/2022,CRB,1,1,1,Other (Traffic)
3/9/2022 05:00:00,Open,CRB,1,2,2,False Arrest
3/9/2022 05:00:00,7/22/2022,CRB,1,2,2,False Arrest
3/22/2022 4:00:00 AM,5/11/2022,CRB,1,2,2,Other
4/5/2022 04:00:00,Open,CRB,1,1,1,Other-car crash
4/6/2022 04:00:00,5/23/2022,CRB,1,2,2,False Arrest
4/11/2022 04:00:00,Open,CRB,1,1,1,Fail to Act
4/24/2022 4:00:00 AM,5/31/2022,SPD,1,2,2,Fail to Act
4/18/2022 4:00:00 AM,6/16/2022,SPD,1,3,1,Excessive Force
5/11/2022 04:00:00,Open,SPD,1,3,3,Harassment
5/11/2022 04:00:00,7/1/2022,SPD,1,1,1,Harassment
5/16/2022 4:00:00 AM,Open,CRB,1,2,2,Demeanor
5/17/2022 4:00:00 AM,Open,CRB,1,2,2,Excessive Force
5/19/2022 4:00:00 AM,Open,CRB,1,2,2,Demeanor
5/22/2022 4:00:00 AM,Open,CRB,1,1,1,Demeanor
6/13/2022 4:00:00 AM,10/10/2022,SPD,1,2,2,Fail to Act
6/16/2022 4:00:00 AM,Open,CRB,1,1,1,Excessive Force
6/5/2022 04:00:00,Open,CRB,1,1,1,Harassment
7/11/2022 04:00:00,Open,SPD,1,1,1,Unlawful arrest
7/14/2022 4:00:00 AM,10/10/2022,SPD,1,5,2,Harrassment
7/18/2022 4:00:00 AM,Open,CRB,1,2,2,Harassment
8/17/2022 4:00:00 AM,12/3/2022,CRB,1,1,1,False Arrest
8/17/2022 4:00:00 AM,1/5/2024,CRB,1,1,1,Fail to Act
8/25/2022 4:00:00 AM,10/14/2022,SPD,1,1,1,Demeanor
8/24/2022 4:00:00 AM,Open,CRB,1,1,1,Fail to Act
8/26/2022 4:00:00 AM,Open,CRB,1,2,2,Demeanor
8/31/2022 4:00:00 AM,Open,CRB,1,2,2,Demenaor
8/31/2022 4:00:00 AM,Open,CRB,1,1,1,Fail to Act
8/31/2022 4:00:00 AM,1/5/2024,CRB,1,2,2,Demenaor
9/13/2022 4:00:00 AM,Open,CRB,1,3,3,Fail to Act
9/13/2022 4:00:00 AM,12/3/2022,SPD,1,2,2,False Arrest
9/13/2022 4:00:00 AM,Open,SPD,1,1,1,Fail to Act
9/6/2022 04:00:00,Open,SPD,1,2,2,Excessive Force
9/20/2022 4:00:00 AM,Open,SPD,1,3,3,Other
9/22/2022 4:00:00 AM,1/5/2024,CRB,1,1,1,Demeanor
10/3/2022 04:00:00,1/5/2024,CRB,1,1,1,False Arrest
9/26/2022 4:00:00 AM,Open,CRB,1,1,1,False Arrest
9/26/2022 4:00:00 AM,Open,CRB,1,1,1,Fail to Act
10/3/2022 04:00:00,1/10/2024,SPD,1,1,1,False Arrest
10/19/2022 4:00:00 AM,Open,CRB,1,1,1,Fail to Act
10/27/2022 4:00:00 AM,3/1/2024,CRB,1,1,1,False Arrest
11/28/2022 5:00:00 AM,Open,SPD,1,2,2,Harassment
11/8/2022 05:00:00,Open,CRB,1,1,1,Excessive Force
11/1/2022 04:00:00,Open,CRB,1,1,1,Harassment
11/15/2022 5:00:00 AM,3/1/2024,CRB,1,1,1,Excessive Force
11/15/2022 5:00:00 AM,3/1/2024,CRB,1,1,1,False Arrest
11/28/2022 5:00:00 AM,Open,SPD,1,1,1,Fail to Act
12/7/2022 05:00:00,Open,CRB,1,1,1,Policy Violation
12/12/2022 05:00:00,3/1/2024,CRB,1,1,1,Excessive Force
12/19/2022 5:00:00 AM,Open,CRB,1,1,1,Fail to Act
12/16/2022 5:00:00 AM,Open,CRB,1,1,1,Fail to Act
1/2/2023 05:00:00,2/23/2023,SPD,1,1,1,Policy Violation
1/2/2023 05:00:00,Open,CRB,1,1,1,Fail to Act
1/4/2023 05:00:00,7/10/2023,CRB,1,1,1,Fail to Act
1/10/2023 05:00:00,7/10/2023,CRB,1,5,1,Excessive Force
1/15/2023 5:00:00 AM,8/2/2023,CRB,1,2,1,Fail to Act
1/19/2023 5:00:00 AM,1/10/2024,CRB,1,1,1,Fail to Act
1/27/2023 5:00:00 AM,5/13/2023,CRB,1,3,3,False Arrest
1/19/2023 5:00:00 AM,Open,CRB,1,2,2,Excessive Force
2/1/2023 05:00:00,6/23/2023,CRB,1,4,4,Excessive Force
2/8/2023 05:00:00,1/10/2024,SPD,1,1,1,Fail to Act
11/13/2022 5:00:00 AM,Open,SPD,1,1,1,Fail to Act